,title,price,link
0,"ASUS Zenbook 14, AMD Ryzen AI 5 340, AI PC(AMD Radeon Graphics/16GB RAM/512GB SSD/3K OLED/14/120Hz/Windows 11/M365 Basic (1Year)*/Office Home 2024/Jade Black/1.2 Kg) UM3406KA-PP240WS","93,990",/sspa/click?ie=UTF8&spc=MTo3NDY5MjgzNzIyMDg5NTM2OjE3NTMxNzE4NTQ6c3BfcGhvbmVfc2VhcmNoX2F0ZjozMDA2MjMwMTQzMTk5MzI6OjA6Og&url=%2FASUS-Zenbook-Graphics-Windows-UM3406KA-PP240WS%2Fdp%2FB0F9YG6D4C%2Fref%3Dmp_s_a_1_1_sspa%3Fcrid%3D23Z9HPBL2JMRH%26dib%3DeyJ2IjoiMSJ9._h7lA9_Q3AkyAbh1_iH9ARV4FIYMB8k-fNtiNnWoERXAcRho8iDK0lBGge-1OTvtItQacEW25nHUuuocbaBZV0G2jURfq-_y-LfKh4VkkZKtPWJsf4FaaEq0k13DsRdqiKVWoTqPuYNAdPuO_gmiMitLlmpXsygVA9-5u7UDSrXNl6Tw-zwwbdjM8otDGaX85NddYJ4o3nhYaMpWQ-ZyNw.b50oI9o8NAbjth6mptfp1LrgYHZoqSVqH0wUQh9mpKI%26dib_tag%3Dse%26keywords%3Dlaptop%26qid%3D1753171854%26sprefix%3D%252Caps%252C660%26sr%3D8-1-spons%26xpid%3DyyORC7MGEp591%26sp_csd%3Dd2lkZ2V0TmFtZT1zcF9waG9uZV9zZWFyY2hfYXRm%26psc%3D1&sp_cr=DUB
1,"Lenovo IdeaPad Slim 5 12th Gen Intel Core i5 12450H 16"" (40.6cm) WUXGA+ IPS Laptop (16GB/512GB SSD/Win 11/Office 2021/Backlit KB/FHD Camera/Alexa/3 Month Game Pass/Cloud Grey/1.89Kg), 83BG000PIN","57,790",/sspa/click?ie=UTF8&spc=MToxMDA2MDQyOTY2NzQxMDIwOjE3NTMxNzE4NTQ6c3BfcGhvbmVfc2VhcmNoX3RoZW1hdGljOjMwMDYxOTQ4NTMyMTczMjo6NDo6&url=%2FLenovo-IdeaPad-12450H-Backlit-83BG000PIN%2Fdp%2FB0CFF42RJ6%2Fref%3Dsxin_22_pa_sp_phone_search_thematic_sspa%3Fcontent-id%3Damzn1.sym.aa6ac532-0ea5-4c58-b985-e3c226504699%253Aamzn1.sym.aa6ac532-0ea5-4c58-b985-e3c226504699%26crid%3D23Z9HPBL2JMRH%26cv_ct_cx%3Dlaptop%26keywords%3Dlaptop%26pd_rd_i%3DB0CFF42RJ6%26pd_rd_r%3D903e4b27-a6c6-417f-85a2-277f6a4a6a43%26pd_rd_w%3DsisRL%26pd_rd_wg%3DLHosV%26pf_rd_p%3Daa6ac532-0ea5-4c58-b985-e3c226504699%26pf_rd_r%3D8N8T1TAS2WT6Q6VSQ3VA%26qid%3D1753171854%26sprefix%3D%252Caps%252C660%26sr%3D1-5-66673dcf-083f-43ba-b782-d4a436cc5cfb-spons%26xpid%3DyyORC7MGEp591%26sp_csd%3Dd2lkZ2V0TmFtZT1zcF9waG9uZV9zZWFyY2hfdGhlbWF0aWM%26psc%3D1&sp_cr=DUB
2,"Apple MacBook Air Laptop: Apple M1 chip, 13.3-inch/33.74 cm Retina Display, 8GB RAM, 256GB SSD Storage, Backlit Keyboard, FaceTime HD Camera, Touch ID. Works with iPhone/iPad; Space Grey","64,990",/Apple-MacBook-Chip-13-inch-256GB/dp/B08N5W4NNB/ref=mp_s_a_1_6?crid=23Z9HPBL2JMRH&dib=eyJ2IjoiMSJ9._h7lA9_Q3AkyAbh1_iH9ARV4FIYMB8k-fNtiNnWoERXAcRho8iDK0lBGge-1OTvtItQacEW25nHUuuocbaBZV0G2jURfq-_y-LfKh4VkkZKtPWJsf4FaaEq0k13DsRdqiKVWoTqPuYNAdPuO_gmiMitLlmpXsygVA9-5u7UDSrXNl6Tw-zwwbdjM8otDGaX85NddYJ4o3nhYaMpWQ-ZyNw.b50oI9o8NAbjth6mptfp1LrgYHZoqSVqH0wUQh9mpKI&dib_tag=se&keywords=laptop&qid=1753171854&sprefix=%2Caps%2C660&sr=8-6&xpid=yyORC7MGEp591
3,"Acer [SmartChoice Aspire 3 Laptop Intel Core Celeron N4500 Processor Laptop (8 GB LPDDR4X SDRAM/512 GB SSD/Win11 Home/38 WHR/HD Webcam) A325-45 with 39.63 cm (15.6"") HD Display, Pure Silver, 1.5 KG","23,990",/Acer-Celeron-Processor-LPDDR4X-A325-45/dp/B0D7PYTTGH/ref=mp_s_a_1_7?crid=23Z9HPBL2JMRH&dib=eyJ2IjoiMSJ9._h7lA9_Q3AkyAbh1_iH9ARV4FIYMB8k-fNtiNnWoERXAcRho8iDK0lBGge-1OTvtItQacEW25nHUuuocbaBZV0G2jURfq-_y-LfKh4VkkZKtPWJsf4FaaEq0k13DsRdqiKVWoTqPuYNAdPuO_gmiMitLlmpXsygVA9-5u7UDSrXNl6Tw-zwwbdjM8otDGaX85NddYJ4o3nhYaMpWQ-ZyNw.b50oI9o8NAbjth6mptfp1LrgYHZoqSVqH0wUQh9mpKI&dib_tag=se&keywords=laptop&qid=1753171854&sprefix=%2Caps%2C660&sr=8-7&xpid=yyORC7MGEp591
4,"ASUS TUF Gaming A15, AMD Ryzen 7 7435HS Gaming Laptop(NVIDIA RTX 3050-4GB/60W TGP/16GB RAM/512GB SSD/FHD/15.6""/144Hz/RGB KB/48WHr/Windows 11//Graphite Black/2.30 Kg) FA506NCR-HN054W","64,990",/ASUS-15-6-inch-GeForce-Graphite-FA506NCR-HN054W/dp/B0D5DFR78J/ref=mp_s_a_1_8?crid=23Z9HPBL2JMRH&dib=eyJ2IjoiMSJ9._h7lA9_Q3AkyAbh1_iH9ARV4FIYMB8k-fNtiNnWoERXAcRho8iDK0lBGge-1OTvtItQacEW25nHUuuocbaBZV0G2jURfq-_y-LfKh4VkkZKtPWJsf4FaaEq0k13DsRdqiKVWoTqPuYNAdPuO_gmiMitLlmpXsygVA9-5u7UDSrXNl6Tw-zwwbdjM8otDGaX85NddYJ4o3nhYaMpWQ-ZyNw.b50oI9o8NAbjth6mptfp1LrgYHZoqSVqH0wUQh9mpKI&dib_tag=se&keywords=laptop&qid=1753171854&sprefix=%2Caps%2C660&sr=8-8&xpid=yyORC7MGEp591
5,"Lenovo {SmartChoice)Chromebook Intel Celeron N4500 (4GB RAM/64GB eMMC 5.1/11.6 Inch (29.46cm)/HD Display/2Wx2 Stereo Speakers/HD Camera/Chrome OS/Blue/1.21Kg), 82UY0014HA","15,990",/sspa/click?ie=UTF8&spc=MTo3NDY5MjgzNzIyMDg5NTM2OjE3NTMxNzE4NTQ6c3BfcGhvbmVfc2VhcmNoX210ZjozMDA2MTkxOTMxNDM1MzI6OjA6Og&url=%2FLenovo-SmartChoice-Chromebook-Speakers-82UY0014HA%2Fdp%2FB0F2TMZJ24%2Fref%3Dmp_s_a_1_9_sspa%3Fcrid%3D23Z9HPBL2JMRH%26dib%3DeyJ2IjoiMSJ9._h7lA9_Q3AkyAbh1_iH9ARV4FIYMB8k-fNtiNnWoERXAcRho8iDK0lBGge-1OTvtItQacEW25nHUuuocbaBZV0G2jURfq-_y-LfKh4VkkZKtPWJsf4FaaEq0k13DsRdqiKVWoTqPuYNAdPuO_gmiMitLlmpXsygVA9-5u7UDSrXNl6Tw-zwwbdjM8otDGaX85NddYJ4o3nhYaMpWQ-ZyNw.b50oI9o8NAbjth6mptfp1LrgYHZoqSVqH0wUQh9mpKI%26dib_tag%3Dse%26keywords%3Dlaptop%26qid%3D1753171854%26sprefix%3D%252Caps%252C660%26sr%3D8-9-spons%26xpid%3DyyORC7MGEp591%26sp_csd%3Dd2lkZ2V0TmFtZT1zcF9waG9uZV9zZWFyY2hfbXRm%26psc%3D1&sp_cr=DUB
6,"ASUS Vivobook S16,13th Gen,Intel Core i7-13620H,Metallic Design Laptop(Intel UHD iGPU/16GB RAM/512GB SSD/FHD+/16""/144Hz/Windows 11/M365 Basic(1Year)*/Office Home 2024/Cool Silver/1.7Kg)S3607VA-RP083WS","71,990",/sspa/click?ie=UTF8&spc=MTo3NDY5MjgzNzIyMDg5NTM2OjE3NTMxNzE4NTQ6c3BfcGhvbmVfc2VhcmNoX210ZjozMDA2MTkzOTg1MzgyMzI6OjA6Og&url=%2FASUS-Vivobook-i7-13620H-Metallic-S3607VA-RP083WS%2Fdp%2FB0F9YGYJV1%2Fref%3Dmp_s_a_1_10_sspa%3Fcrid%3D23Z9HPBL2JMRH%26dib%3DeyJ2IjoiMSJ9._h7lA9_Q3AkyAbh1_iH9ARV4FIYMB8k-fNtiNnWoERXAcRho8iDK0lBGge-1OTvtItQacEW25nHUuuocbaBZV0G2jURfq-_y-LfKh4VkkZKtPWJsf4FaaEq0k13DsRdqiKVWoTqPuYNAdPuO_gmiMitLlmpXsygVA9-5u7UDSrXNl6Tw-zwwbdjM8otDGaX85NddYJ4o3nhYaMpWQ-ZyNw.b50oI9o8NAbjth6mptfp1LrgYHZoqSVqH0wUQh9mpKI%26dib_tag%3Dse%26keywords%3Dlaptop%26qid%3D1753171854%26sprefix%3D%252Caps%252C660%26sr%3D8-10-spons%26xpid%3DyyORC7MGEp591%26sp_csd%3Dd2lkZ2V0TmFtZT1zcF9waG9uZV9zZWFyY2hfbXRm%26psc%3D1&sp_cr=DUB
7,"Lenovo IdeaPad Slim 3, Intel Core i5-12450H, 12th Gen, 16GB RAM, 512GB SSD, FHD, 14""/35.5cm, Windows 11, MS Office Home 2024, Grey, 1.37Kg, 83EQ0072IN, Alexa Built-in, 3 mon. Game Pass Laptop","47,390",/Lenovo-IdeaPad-i5-12450H-Windows-83EQ0072IN/dp/B0DP7BZ8FD/ref=mp_s_a_1_11?crid=23Z9HPBL2JMRH&dib=eyJ2IjoiMSJ9._h7lA9_Q3AkyAbh1_iH9ARV4FIYMB8k-fNtiNnWoERXAcRho8iDK0lBGge-1OTvtItQacEW25nHUuuocbaBZV0G2jURfq-_y-LfKh4VkkZKtPWJsf4FaaEq0k13DsRdqiKVWoTqPuYNAdPuO_gmiMitLlmpXsygVA9-5u7UDSrXNl6Tw-zwwbdjM8otDGaX85NddYJ4o3nhYaMpWQ-ZyNw.b50oI9o8NAbjth6mptfp1LrgYHZoqSVqH0wUQh9mpKI&dib_tag=se&keywords=laptop&qid=1753171854&sprefix=%2Caps%2C660&sr=8-11&xpid=yyORC7MGEp591
8,"Okami ZenPack LUXE Laptop Messenger Bag X Briefcase for Macbook & Laptops Upto 15.6"" with USB Fast-Charging and RFID Safe Advanced Organiser | Premium Office Bag for Men (Black)","3,649",https://aax-eu.amazon.in/x/c/JDaY67nuQWJ_3VvHw4mo6KIAAAGYMS-FSgMAAAH2AQBvbm9fdHhuX2JpZDIgICBvbm9fdHhuX2ltcDEgICBwvFvi/clv1_CEuOPUxokZA0iHrVfP8v2T_dHVpKVPw5i8cJ2T2D9eRyx39A9iG5Fv018HHz9hvVjq0yzpNb3X7OfU1UAmcAIVBhLTycS-DCFQcBWRF_Z1qoHoF7skfB8IkGXCRTU-W6XJfef1D8rsFSE0M9llvwdksJOldODd93Q196UuYlQRaY37qDjF4oXlv5OpjsdqwyCjQHbdXAhZRSWWhBJNwAffQdjs-hn4wsEjvWNPQG9gUahJtJn6j8Z0wG3nKH1EB2AHnpPv3v4jxS3xU_LeksSii7J1-ZjAz9B7yl_bPrUYAZJ0SW56eH2BSUezTHMpOowc0c2txKf9vZypjnHPmxM-pz1ehzDycAvo8C-9FHE6Fj0W5fDGi7yyi7oLY4VF6ZYyR9qmqAwUQnhinFOJGQaFdhRZzXuNdUWekbGEVr5yp2N7x1hxpbFTt6_ZtQIVQjGYWURtXE4M2WYj0fYwqXp5k5RHmyoBqWXwRyXIlzu-6HH3FT4s6H-wHLa21DI5WXvtFS_CF8CoIymgGwjQSZ6zz9CBRvUEkOcgmDU2TPNZf2bSaWBD9t80ENAnfyX2DZEaVnuuFlcRCdkrZwltwGIyffMSBcrRFM49kMurj5gHo1hoWBxbIZR1XV_iKvQvOINUlneNcPMzxyyep3CK0Tnm89pYDmMBZaRltdiflQj6spBE4QQwO8s20w-hbxbuZ-_j8x5l1X1fo4ye0GDlGjN34hpYbYE_rE8ZiaAV8mGyfBshXDbPdr8BJm-NIGG4Cpvf5vKwPIpG7x7xLCM3TuASh2rzfNL3VYn-NgSMUsZBWi21ogFNBtg2Bls6eKUmO6cPi6TAh4gwHLv9NeX-FWp7CDnHMytveGL76Xr9Gkikiz-TzB7lMUzgns0G-7mmbKo9kGq9oEngDBDssBd7QNM86qxMK_0AhnMyIzMjiRtifj0WlEJkx7RnA0AzLI9mWUpw3kRuvmvYeHiOPp4TC4aq9ta8KDVePs1WWAcBNWLeAIYg1PYWpbeYWP0jz9PXoWICOExbl1gSs0UaYaybf66RhFlSl6Kvy9nVxh_INftCllbGi0aNHxPzHeYqF8JMVjaU-7S5rsCDkBLLmzWMCAlcLAXxKFlJhwW-IaCDhJOY2eKnaSXNxyrQMeDYWvuvXMvucDe9PAgjkBJe9BpAcGanx8XMbpOGjRPY0TgL3Cq76y10eT6Suu0bMr1iRVYMsKF1CqCHjs0UOEZSEzln_ZIvOz8vNhmalAxQS107EdcFjTEEY-R3uKykOc0CAvC7zzIo06oP6QZkj5FL1SYZ8Ro2oPwpEktb-14SCtpmCVZ8rZYetKTP-GyPYCrgOTroEzTrQ-Wim7x2LNmvwaDXY80J707fsh539obJxbBdkPs6AQh262A2izsNOzDU-vL4tROD6OZVqKWBmnfBE9V5uxT4WvgBPxDVVH9YdR9czp-lZpTVFL94IDHLcTNQTWFRqrqAQTNxz2r4u2uyXNJhr0cQXq5DrsU88Ly6Jw9e8Y7ksmkEDDJX26AHFc24g_udCO1FDhdBRvaPJYEIPsX_9iIA32mOzDHkKwYVLaJv0HseCQ6syd5KCMUb0xFd5YtOhdJ9f7E0LG05-nda3eeXoTVnVl_Nbz9p0j8bPX-FT9y9eXNlXib1bxoikP421NZpyNWQrREUHrw7E5aXuBqiZL_IYvGA_WX1YWFYhvlsgNDPr3D9wolLHvekIG0M7inqe3iOh1Q_enkylzp2i9t7oGIBe2yihkryaWqblMPw2LwlSA2vjW--URXZMFxFzKBNwShbYR7Qm7oY0lIslbRK955G8OMvLZw2Hqetj3GTP3tbaeKMaJx5lo0u0vffGYhvtful98UdxZMrY0p-TGCkecOYy0s7FoWNiodPFQWkRrqBc1zInmBbfvnHkge5XcxPUCu9Hwfih7m8OS6zRuEC3uL_OdxiBhpPlON2BfEm-vOOGkonwSDEYLj3-FjXUmkt3BATGKAO-VwVoLoV_uSdjdI1qa3JoFcjjDFuJ7eFmIXeT9fjoUacDmBtjUghjnsmo2W9V9Tx9cW4MQ1Rtrh-jYudLngfQof8WiBP0-fJ8lBeMek5hBaVcXJPI5wmlhQNne0Fg2VFZmFMXifUakKQC5H1VtOIm60NXcEJlq4QwsDfyv2LUDnFmrB9MdjrM6iGO8XBAxrR1yDi9irnnORWsDGrixHVlJK9rcQkmwzg9I/https://www.amazon.in/Okami-Wolf-unisex-adult-Messenger-Protection/dp/B0B7521SSD/ref=sxin_30_sbv_search_btf?content-id=amzn1.sym.9310d8c5-a73c-4e49-85e1-42dbfc4228ab%3Aamzn1.sym.9310d8c5-a73c-4e49-85e1-42dbfc4228ab&crid=23Z9HPBL2JMRH&cv_ct_cx=laptop&keywords=laptop&pd_rd_i=B0B7521SSD&pd_rd_r=903e4b27-a6c6-417f-85a2-277f6a4a6a43&pd_rd_w=10f7c&pd_rd_wg=LHosV&pf_rd_p=9310d8c5-a73c-4e49-85e1-42dbfc4228ab&pf_rd_r=8N8T1TAS2WT6Q6VSQ3VA&qid=1753171854&sbo=RZvfv%2F%2FHxDF%2BO5021pAnSA%3D%3D&sprefix=%2Caps%2C660&sr=1-1-1c478570-4379-4ea8-a792-2a17f33dfdd3&xpid=yyORC7MGEp591
9,"Acer Aspire Lite, AMD Ryzen 3 7330U Processor, 16 GB RAM, 512GB SSD, Full HD, 15.6""/39.62cm, Windows 11 Home, Steel Gray, 1.59KG, AL15-41, Metal Body, Premium Thin and Light Laptop","31,990",/Acer-Premium-Windows-AL15-41-Display/dp/B0CWTYGPH8/ref=mp_s_a_1_12?crid=23Z9HPBL2JMRH&dib=eyJ2IjoiMSJ9._h7lA9_Q3AkyAbh1_iH9ARV4FIYMB8k-fNtiNnWoERXAcRho8iDK0lBGge-1OTvtItQacEW25nHUuuocbaBZV0G2jURfq-_y-LfKh4VkkZKtPWJsf4FaaEq0k13DsRdqiKVWoTqPuYNAdPuO_gmiMitLlmpXsygVA9-5u7UDSrXNl6Tw-zwwbdjM8otDGaX85NddYJ4o3nhYaMpWQ-ZyNw.b50oI9o8NAbjth6mptfp1LrgYHZoqSVqH0wUQh9mpKI&dib_tag=se&keywords=laptop&qid=1753171854&sprefix=%2Caps%2C660&sr=8-12&xpid=yyORC7MGEp591
10,"2022 Apple MacBook Air Laptop with M2 chip: 13.6-inch Liquid Retina Display, 16GB RAM, 256GB SSD Storage, Backlit Keyboard, 1080p FaceTime HD Camera. Works with iPhone and iPad; Midnight","77,990",/2022-Apple-MacBook-Laptop-chip/dp/B0DLHFM2XL/ref=mp_s_a_1_13?crid=23Z9HPBL2JMRH&dib=eyJ2IjoiMSJ9._h7lA9_Q3AkyAbh1_iH9ARV4FIYMB8k-fNtiNnWoERXAcRho8iDK0lBGge-1OTvtItQacEW25nHUuuocbaBZV0G2jURfq-_y-LfKh4VkkZKtPWJsf4FaaEq0k13DsRdqiKVWoTqPuYNAdPuO_gmiMitLlmpXsygVA9-5u7UDSrXNl6Tw-zwwbdjM8otDGaX85NddYJ4o3nhYaMpWQ-ZyNw.b50oI9o8NAbjth6mptfp1LrgYHZoqSVqH0wUQh9mpKI&dib_tag=se&keywords=laptop&qid=1753171854&sprefix=%2Caps%2C660&sr=8-13&xpid=yyORC7MGEp591
11,"Lenovo IdeaPad Slim 5 AMD Ryzen AI 7 350, Copilot+ AI PC(24GB RAM/1TB SSD/14(35.5cm) WUXGA OLED/AI Now/50TOPS/Win 11/Office Home 2024/Backlit Keyboard/1Yr ADP Free/Grey/1.4Kg), 83HX001NIN AI Laptop","86,990",/sspa/click?ie=UTF8&spc=MTo3NDY5MjgzNzIyMDg5NTM2OjE3NTMxNzE4NTQ6c3BfcGhvbmVfc2VhcmNoX2F0ZjozMDA1Njk3MzQ4Nzg1MzI6OjA6Og&url=%2FLenovo-IdeaPad-Copilot-Keyboard-83HX001NIN%2Fdp%2FB0F4XHB911%2Fref%3Dmp_s_a_1_2_sspa%3Fcrid%3D23Z9HPBL2JMRH%26dib%3DeyJ2IjoiMSJ9._h7lA9_Q3AkyAbh1_iH9ARV4FIYMB8k-fNtiNnWoERXAcRho8iDK0lBGge-1OTvtItQacEW25nHUuuocbaBZV0G2jURfq-_y-LfKh4VkkZKtPWJsf4FaaEq0k13DsRdqiKVWoTqPuYNAdPuO_gmiMitLlmpXsygVA9-5u7UDSrXNl6Tw-zwwbdjM8otDGaX85NddYJ4o3nhYaMpWQ-ZyNw.b50oI9o8NAbjth6mptfp1LrgYHZoqSVqH0wUQh9mpKI%26dib_tag%3Dse%26keywords%3Dlaptop%26qid%3D1753171854%26sprefix%3D%252Caps%252C660%26sr%3D8-2-spons%26xpid%3DyyORC7MGEp591%26sp_csd%3Dd2lkZ2V0TmFtZT1zcF9waG9uZV9zZWFyY2hfYXRm%26psc%3D1&sp_cr=DUB
12,"Lenovo V14 G3, 12th Gen Intel Core i7-1255U Upto 4.70Ghz (16GB RAM/512GB SSD/Windows 11) 14.0"" FHD Display Thin and Light Laptop/Iron Grey /1.70 kg 1 Year Onsite Brand Warranty","45,990",/Lenovo-i7-1255U-4-70Ghz-Windows-Warranty/dp/B0F32ZBDNJ/ref=mp_s_a_1_14?crid=23Z9HPBL2JMRH&dib=eyJ2IjoiMSJ9._h7lA9_Q3AkyAbh1_iH9ARV4FIYMB8k-fNtiNnWoERXAcRho8iDK0lBGge-1OTvtItQacEW25nHUuuocbaBZV0G2jURfq-_y-LfKh4VkkZKtPWJsf4FaaEq0k13DsRdqiKVWoTqPuYNAdPuO_gmiMitLlmpXsygVA9-5u7UDSrXNl6Tw-zwwbdjM8otDGaX85NddYJ4o3nhYaMpWQ-ZyNw.b50oI9o8NAbjth6mptfp1LrgYHZoqSVqH0wUQh9mpKI&dib_tag=se&keywords=laptop&qid=1753171854&sprefix=%2Caps%2C660&sr=8-14&xpid=yyORC7MGEp591
13,"ASUS Vivobook 15,13th Gen,Intel Core i7-13620H(Intel UHD iGPU/16GB RAM/512GB SSD/FHD/15.6""/60Hz/Backlit Keyboard/Windows 11/M365 Basic (1Year)*/Office Home 2024/Quiet Blue/1.70 kg) X1502VA-BQ838WS","61,990",/sspa/click?ie=UTF8&spc=MTo3NDY5MjgzNzIyMDg5NTM2OjE3NTMxNzE4NTQ6c3BfcGhvbmVfc2VhcmNoX210ZjozMDA2MTk1MDkzMTk3MzI6OjA6Og&url=%2FASUS-Vivobook-i7-13620H-Keyboard-X1502VA-BQ838WS%2Fdp%2FB0DYDZQYKP%2Fref%3Dmp_s_a_1_15_sspa%3Fcrid%3D23Z9HPBL2JMRH%26dib%3DeyJ2IjoiMSJ9._h7lA9_Q3AkyAbh1_iH9ARV4FIYMB8k-fNtiNnWoERXAcRho8iDK0lBGge-1OTvtItQacEW25nHUuuocbaBZV0G2jURfq-_y-LfKh4VkkZKtPWJsf4FaaEq0k13DsRdqiKVWoTqPuYNAdPuO_gmiMitLlmpXsygVA9-5u7UDSrXNl6Tw-zwwbdjM8otDGaX85NddYJ4o3nhYaMpWQ-ZyNw.b50oI9o8NAbjth6mptfp1LrgYHZoqSVqH0wUQh9mpKI%26dib_tag%3Dse%26keywords%3Dlaptop%26qid%3D1753171854%26sprefix%3D%252Caps%252C660%26sr%3D8-15-spons%26xpid%3DyyORC7MGEp591%26sp_csd%3Dd2lkZ2V0TmFtZT1zcF9waG9uZV9zZWFyY2hfbXRm%26psc%3D1&sp_cr=DUB
14,"Samsung Galaxy Book4 (Gray, 16GB RAM, 512GB SSD) | 15.6"" Full HD Screen | Intel Core i5 1335U Processor | Windows 11 Home | MS Office 2021 | Fingerprint Reader | Intel Iris XE Graphics | RJ45 LAN Port","54,399",/sspa/click?ie=UTF8&spc=MTo3NDY5MjgzNzIyMDg5NTM2OjE3NTMxNzE4NTQ6c3BfcGhvbmVfc2VhcmNoX210ZjozMDA2MjIxOTM5OTc3MzI6OjA6Og&url=%2FSamsung-Processor-Windows-Fingerprint-Graphics%2Fdp%2FB0D143SJ9R%2Fref%3Dmp_s_a_1_16_sspa%3Fcrid%3D23Z9HPBL2JMRH%26dib%3DeyJ2IjoiMSJ9._h7lA9_Q3AkyAbh1_iH9ARV4FIYMB8k-fNtiNnWoERXAcRho8iDK0lBGge-1OTvtItQacEW25nHUuuocbaBZV0G2jURfq-_y-LfKh4VkkZKtPWJsf4FaaEq0k13DsRdqiKVWoTqPuYNAdPuO_gmiMitLlmpXsygVA9-5u7UDSrXNl6Tw-zwwbdjM8otDGaX85NddYJ4o3nhYaMpWQ-ZyNw.b50oI9o8NAbjth6mptfp1LrgYHZoqSVqH0wUQh9mpKI%26dib_tag%3Dse%26keywords%3Dlaptop%26qid%3D1753171854%26sprefix%3D%252Caps%252C660%26sr%3D8-16-spons%26xpid%3DyyORC7MGEp591%26sp_csd%3Dd2lkZ2V0TmFtZT1zcF9waG9uZV9zZWFyY2hfbXRm%26psc%3D1&sp_cr=DUB
15,HP 255 G10 ‎‎Laptop (AMD Athlon Silver 7120U/ 8GB RAM / 256GB SSD/Windows 11/15.6 INCH ASH Silver,"22,390",/HP-%E2%80%8E%E2%80%8ELaptop-Athlon-Silver-Windows/dp/B0DV984J97/ref=mp_s_a_1_17?crid=23Z9HPBL2JMRH&dib=eyJ2IjoiMSJ9._h7lA9_Q3AkyAbh1_iH9ARV4FIYMB8k-fNtiNnWoERXAcRho8iDK0lBGge-1OTvtItQacEW25nHUuuocbaBZV0G2jURfq-_y-LfKh4VkkZKtPWJsf4FaaEq0k13DsRdqiKVWoTqPuYNAdPuO_gmiMitLlmpXsygVA9-5u7UDSrXNl6Tw-zwwbdjM8otDGaX85NddYJ4o3nhYaMpWQ-ZyNw.b50oI9o8NAbjth6mptfp1LrgYHZoqSVqH0wUQh9mpKI&dib_tag=se&keywords=laptop&qid=1753171854&sprefix=%2Caps%2C660&sr=8-17&xpid=yyORC7MGEp591
16,"Lenovo V15 AMD Ryzen 3 7320U 15.6"" (39.62cm) FHD 250 Nits Antiglare Thin and Light Laptop (8GB/512GB SSD/Windows 11 Home/Arctic Grey/1.63 Kg), 83CQ000XIN","26,990",/Lenovo-39-62cm-Antiglare-Windows-83CQ000XIN/dp/B0DVGQPW13/ref=mp_s_a_1_18?crid=23Z9HPBL2JMRH&dib=eyJ2IjoiMSJ9._h7lA9_Q3AkyAbh1_iH9ARV4FIYMB8k-fNtiNnWoERXAcRho8iDK0lBGge-1OTvtItQacEW25nHUuuocbaBZV0G2jURfq-_y-LfKh4VkkZKtPWJsf4FaaEq0k13DsRdqiKVWoTqPuYNAdPuO_gmiMitLlmpXsygVA9-5u7UDSrXNl6Tw-zwwbdjM8otDGaX85NddYJ4o3nhYaMpWQ-ZyNw.b50oI9o8NAbjth6mptfp1LrgYHZoqSVqH0wUQh9mpKI&dib_tag=se&keywords=laptop&qid=1753171854&sprefix=%2Caps%2C660&sr=8-18&xpid=yyORC7MGEp591
17,"Gabit Smart Ring | Sleep, Fitness, Nutrition, Stress | Buy Sizing Kit First | AI Health Coach, 30+ Workout Modes | Track Recovery, HRV, VO2 Max | Smart Ring for Men & Women | Titanium, Matte Black 7","13,110",https://aax-eu.amazon.in/x/c/JLywizMu_BIvScV3iBxvH7sAAAGYMS-FSwMAAAH2AQBvbm9fdHhuX2JpZDEgICBvbm9fdHhuX2ltcDEgICCcI3He/clv1_CEuOPUxokZA0iHrVRMMG5wfBHyBWU-sXpKcK1Bylp-1o139B9iG5Fv018HHz9hvVjq0yzpNb3X7OfU0JAmcAGWxIEwSASZreEhAvdnF8anuOTIhhokfB8IkGXCQLUuW6XJfef1D8rsFSE0M9llvwdksJOldODd93Q196UuYlQRaY37qDjF4oXlv5OpjsdqwyCjQHbdXAhZRSWWhBJNwAffQdjs-hn4wsEjvWNPQG9gUahJtJn6j8Z0wG3nKH1EB2AHnpPv3v4jxS3xU_LeksSii7J1-ZjAz9B7yl_bPrUYAZJ0SW56eH2BSUewTCCKaf6qpF2vNoY9jkk7jUIPmwMvh39cZZbGA-vo8C-9FHE6Fj0W5fDGy7yyiJobYodhuZTTQ1qVSqj0UNuzT-N52bUz1lAp3XhtVXPtM6C2xN4Sp2M752rihBP2dM-J0mRnMYGeGRQNXmq8-WXy4dCTTLqaFKWEG2vEWUYQR5WaRd-NWXKXNt_6mgwAGvbmtDCZqWruxXwzFGQ7gKsD6IjWaG7T_YVikdbVAMGxW6ag_TZobfVH2VPgFkyiAgEmbfV3nbEqkjvOAjexablbx0qu0MJgjQOzBmuS5DicEMuN2sg0sJuI2Q7ItMVnzd8SK_Rr6dNl0ib9ccJD9czrB0bq0SnRk-_IPmGU5NeF8Qn8RYwr4pGE8TUxiisEMovxXcduBp_Swj8V1Yw-1gyrYRME2jN0AxppLYB_rTz5yZAU8DCzDvi0rBQ8lx5Bdb69NzWsaer6dxKxz283_Y1kfTGn_6EAJHvybgK3le9P9zS6E0XBat10kYY-5euz9ttp-xc2m8dv-wZgtgxQDumdxzW99Gtp6Eh0kpvvW-L-uVp7WenUm14Xj7s3Ub5Q7Shn6Tvx_HjOQls_A5lCubPNgSKOEBC86298GFxDlUCXdpAQHyowreiyBQD1B_R2V3WyfZ0z6XqBXmfevi4YW0quTSyRXlfIZlKsKDe-Ht1WnJci1SI-EaXBdOEGZFQ5X41T-YZF4uDTiG0pBxwCsaUagZ97_46hhJmCpqLvy8oENx7a1frRJ3eF60DL61ORn7aKd8AshhV0O7S5rsCDkBLLmzWMCAlcLAXxKFlJhwW-IaCDhJOY2eKnaSXNxyrQMeDYWvuvXMvucDe9PAgjkBJe9BpAcGanx8XMbpOGjRPY0TgL3Cq76y10eT6Suu0bMr1iRVYMsKF1CqCHjs0UOEZSEzln_ZIvOz8vNhmalAxQS107EdcFjTEEY-R3uKykOc0CAvC7zzIo06oP6QZkj5FL1SYZ8Ro2oPwpEktb-14SCtpmCVZ8rZYetKTP-GyPYCrgOTroEzTrQ-Wim7x2LNmvwaDXY80J707fsh539obJxbBdkPs6AQh262A2izsNOzDU-vL4tROD6OZVqKWBmnfBE9V5uxT4bElRGVCXN56odQzsOev1ZpTVFJ2Y49LtBzAwmlESid3BAJHEfqtZiApzPPTRLLfm_irAKGZYwC5b129tQp9Gd6l0r_MWK5OwNUzbNVl8KwvljiTxl7d_4yEIDWLs4nPDPYy_z4M0OmPVaTIZslq_e_18qg0YaMb9hPGOc_lu5eTeHtB1nNnLDGX__OJ3EPVnV1te-KzIAP2oLO_lfDzO6pP0vjbw-0okxCv3lWbZa3KBKaLDrw34xMeWy-twdUx4IgXiDsTEktP_NzrZdiDcOSdIQUkK73dlYK08uYgv-wiMZzf5Cdsit2mTe_iboNHgzM1Rdagn6W9qFKPx2lwWSQpfjSnN9UZLlFxUqWIf8Rm5cS6wmRsLpPdvJuQp5D1lcWGsXK01PfVqS3LDXSs6WeRpui6qM37swzf9yqqPtB5Q4fYM5oEq4Mhdb3Fnn2MbC7-bttU9KAQf0MZzRO2hB-s9HYBZ62mn56I6ap18Auk9nPeB1j6fuQ8xV5dibgHviNlx8K-McODeCUgr4791cxMhRTvJjNV4opwgmdMjZKn6XcbSMaCfKN6cyOZfqNVyJNKwLsQR9GoQHe2MT9az1v2YyGgfDrq1pKHcuGbRggZ5V6S1cfBc9O-BU_172f6o70katyddi5BK91c5x4R7sahNlMKkYHe-s93QdvEJqH4nwccVZmT8_-PSWGGz_6ajJvGp6h1ZHVOuZJxlAIUqLpS_JYZgzcb7U7m9kMjn6ZEBQNxh4kOH42aCCeGSi32DWOHUrXpvtd4TiiLYV9UZkEMZHGCOzsXMIFdbR0LEpAmKjrxcK8xk3kP8FfIn1FpQ/https://www.amazon.in/Gabit-Smart-Ring-Matte-Black/dp/B0DGQ6Z78X/ref=sxbs_sbv_search_btf?content-id=amzn1.sym.bbea5ccc-1cd7-47d4-8b45-5ba9394ae9bb%3Aamzn1.sym.bbea5ccc-1cd7-47d4-8b45-5ba9394ae9bb&crid=23Z9HPBL2JMRH&cv_ct_cx=laptop&keywords=laptop&pd_rd_i=B0DGQ6Z78X&pd_rd_r=462a4307-6aeb-4a48-a581-35e6de944b76&pd_rd_w=9ZaTn&pd_rd_wg=pljM6&pf_rd_p=bbea5ccc-1cd7-47d4-8b45-5ba9394ae9bb&pf_rd_r=8N8T1TAS2WT6Q6VSQ3VA&qid=1753171854&sbo=RZvfv%2F%2FHxDF%2BO5021pAnSA%3D%3D&sprefix=%2Caps%2C660&sr=1-1-d9b4da0a-b60b-43ee-816c-d47ad09ee94e&xpid=yyORC7MGEp591
18,"Dell Inspiron 3530 Laptop, 13th Gen Intel Core i5-1334U Processor, 16GB, 512GB SSD, 15.6""(39.62cm) FHD 120Hz 250 nits, Backlit KB, Windows 11 + MSO'24 & 15 Month McAfee, Silver, Thin & Light- 1.62kg","57,490",/Dell-Inspiron-i5-1334U-Processor-39-62cm/dp/B0D2Y1BLDT/ref=mp_s_a_1_19?crid=23Z9HPBL2JMRH&dib=eyJ2IjoiMSJ9._h7lA9_Q3AkyAbh1_iH9ARV4FIYMB8k-fNtiNnWoERXAcRho8iDK0lBGge-1OTvtItQacEW25nHUuuocbaBZV0G2jURfq-_y-LfKh4VkkZKtPWJsf4FaaEq0k13DsRdqiKVWoTqPuYNAdPuO_gmiMitLlmpXsygVA9-5u7UDSrXNl6Tw-zwwbdjM8otDGaX85NddYJ4o3nhYaMpWQ-ZyNw.b50oI9o8NAbjth6mptfp1LrgYHZoqSVqH0wUQh9mpKI&dib_tag=se&keywords=laptop&qid=1753171854&sprefix=%2Caps%2C660&sr=8-19&xpid=yyORC7MGEp591
19,"Acer Aspire 3 Laptop Intel Core Celeron N4500 Processor Laptop (8 GB LPDDR4X SDRAM/256 GB SSD/Win11 Home/38 WHR/HD Webcam) A324-45 with 35.56 cm (14"") HD Display, Pure Silver, 1.3 KG","20,780",/Acer-Celeron-Processor-LPDDR4X-A324-45/dp/B0D7PSYS6B/ref=mp_s_a_1_20?crid=23Z9HPBL2JMRH&dib=eyJ2IjoiMSJ9._h7lA9_Q3AkyAbh1_iH9ARV4FIYMB8k-fNtiNnWoERXAcRho8iDK0lBGge-1OTvtItQacEW25nHUuuocbaBZV0G2jURfq-_y-LfKh4VkkZKtPWJsf4FaaEq0k13DsRdqiKVWoTqPuYNAdPuO_gmiMitLlmpXsygVA9-5u7UDSrXNl6Tw-zwwbdjM8otDGaX85NddYJ4o3nhYaMpWQ-ZyNw.b50oI9o8NAbjth6mptfp1LrgYHZoqSVqH0wUQh9mpKI&dib_tag=se&keywords=laptop&qid=1753171854&sprefix=%2Caps%2C660&sr=8-20&xpid=yyORC7MGEp591
20,"ASUS Vivobook S16,13th Gen,Intel Core i7-13620H,Metallic Design Laptop(Intel UHD iGPU/16GB RAM/512GB SSD/FHD+/16""/144Hz/Windows 11/M365 Basic(1Year)*/Office Home 2024/Matte Gray/1.7 Kg)S3607VA-RP060WS","71,990",/sspa/click?ie=UTF8&spc=MToxNTA3MTUwNjY5MDMxMDQ4OjE3NTMxNzE4NjU6c3BfcGhvbmVfc2VhcmNoX2F0Zl9uZXh0OjMwMDYxOTM5ODUzODEzMjo6MDo6&url=%2FASUS-Vivobook-i7-13620H-Metallic-S3607VA-RP060WS%2Fdp%2FB0F9YDMZQP%2Fref%3Dmp_s_a_1_15_sspa%3Fcrid%3D23Z9HPBL2JMRH%26dib%3DeyJ2IjoiMSJ9.DVLahQfRM-0xaqK8SfyzxRveSCYZZb-0WfrVM7VphYBcutKhEscEkm9IAXreAdiylN7z7vvWeSc-5zNvv2jlrazLr36JB3V_14fPVHNJabJik5Q9E6KKU_MhdSawuT_luQZyyZNireU7TzcSLD0OHcz2VEqdkuh3QDYe1qdINv9Hr_VDA1s0oV2foCTMInrxKg_LCqOrRaWMJg6CbKdQww.BbnAbhzYaSKanyL0BUWPCWfdjMQY6mGfTyCVj-I68PM%26dib_tag%3Dse%26keywords%3Dlaptop%26qid%3D1753171864%26sprefix%3D%252Caps%252C660%26sr%3D8-15-spons%26xpid%3DyyORC7MGEp591%26sp_csd%3Dd2lkZ2V0TmFtZT1zcF9waG9uZV9zZWFyY2hfYXRmX25leHQ%26psc%3D1&sp_cr=DUB
21,"Acer Aspire Lite, 13th Gen, Intel Core i3-1305U, 8GB RAM, 512GB SSD, Full HD, 15.6""/39.62cm, Windows 11 Home, Steel Gray, 1.59KG, AL15-53, Metal Body, 36 WHR, Thin and Light Premium Laptop","32,993",/Acer-i3-1305U-Premium-Windows-AL15-53/dp/B0DB1SDB87/ref=mp_s_a_1_16?crid=23Z9HPBL2JMRH&dib=eyJ2IjoiMSJ9.DVLahQfRM-0xaqK8SfyzxRveSCYZZb-0WfrVM7VphYBcutKhEscEkm9IAXreAdiylN7z7vvWeSc-5zNvv2jlrazLr36JB3V_14fPVHNJabJik5Q9E6KKU_MhdSawuT_luQZyyZNireU7TzcSLD0OHcz2VEqdkuh3QDYe1qdINv9Hr_VDA1s0oV2foCTMInrxKg_LCqOrRaWMJg6CbKdQww.BbnAbhzYaSKanyL0BUWPCWfdjMQY6mGfTyCVj-I68PM&dib_tag=se&keywords=laptop&qid=1753171864&sprefix=%2Caps%2C660&sr=8-16&xpid=yyORC7MGEp591
22,"HP Pavilion x360, 13th Gen Intel Core i5-1335U (16GB DDR4, 512GB SSD) FHD, IPS, Micro-Edge, 14""/35.6cm, Touchscreen 2-in-1, Win11, Office21, Silver, 1.51kg, ek1074TU, Iris Xe, FPR, 5MP Camera Laptop","66,990",/HP-Pavilion-i5-1335U-Laptop-Touchscreen/dp/B0CJ2KWNNQ/ref=mp_s_a_1_3?crid=23Z9HPBL2JMRH&dib=eyJ2IjoiMSJ9._h7lA9_Q3AkyAbh1_iH9ARV4FIYMB8k-fNtiNnWoERXAcRho8iDK0lBGge-1OTvtItQacEW25nHUuuocbaBZV0G2jURfq-_y-LfKh4VkkZKtPWJsf4FaaEq0k13DsRdqiKVWoTqPuYNAdPuO_gmiMitLlmpXsygVA9-5u7UDSrXNl6Tw-zwwbdjM8otDGaX85NddYJ4o3nhYaMpWQ-ZyNw.b50oI9o8NAbjth6mptfp1LrgYHZoqSVqH0wUQh9mpKI&dib_tag=se&keywords=laptop&qid=1753171854&sprefix=%2Caps%2C660&sr=8-3&xpid=yyORC7MGEp591
23,"Lenovo {SmartChoice)Chromebook Intel Celeron N4500 (4GB RAM/64GB eMMC 5.1/11.6 Inch (29.46cm)/HD Display/2Wx2 Stereo Speakers/HD Camera/Chrome OS/Blue/1.21Kg), 82UY0014HA","15,990",/Lenovo-SmartChoice-Chromebook-Speakers-82UY0014HA/dp/B0F2TMZJ24/ref=mp_s_a_1_17?crid=23Z9HPBL2JMRH&dib=eyJ2IjoiMSJ9.DVLahQfRM-0xaqK8SfyzxRveSCYZZb-0WfrVM7VphYBcutKhEscEkm9IAXreAdiylN7z7vvWeSc-5zNvv2jlrazLr36JB3V_14fPVHNJabJik5Q9E6KKU_MhdSawuT_luQZyyZNireU7TzcSLD0OHcz2VEqdkuh3QDYe1qdINv9Hr_VDA1s0oV2foCTMInrxKg_LCqOrRaWMJg6CbKdQww.BbnAbhzYaSKanyL0BUWPCWfdjMQY6mGfTyCVj-I68PM&dib_tag=se&keywords=laptop&qid=1753171864&sprefix=%2Caps%2C660&sr=8-17&xpid=yyORC7MGEp591
24,"ASUS TUF Gaming A15, 15.6"" (39.62cm) FHD 16:9 144Hz, AMD Ryzen 7 7435HS, Gaming Laptop (16 DDR5/512GB SSD/NVIDIA GeForce RTX 2050/Windows 11 Home/Graphite Black/2.30 Kg), FA506NFR-HN045W","56,990",/ASUS-Gaming-15-6-39-62cm-FA506NFR-HN045W/dp/B0CDQ5CW9V/ref=mp_s_a_1_18?crid=23Z9HPBL2JMRH&dib=eyJ2IjoiMSJ9.DVLahQfRM-0xaqK8SfyzxRveSCYZZb-0WfrVM7VphYBcutKhEscEkm9IAXreAdiylN7z7vvWeSc-5zNvv2jlrazLr36JB3V_14fPVHNJabJik5Q9E6KKU_MhdSawuT_luQZyyZNireU7TzcSLD0OHcz2VEqdkuh3QDYe1qdINv9Hr_VDA1s0oV2foCTMInrxKg_LCqOrRaWMJg6CbKdQww.BbnAbhzYaSKanyL0BUWPCWfdjMQY6mGfTyCVj-I68PM&dib_tag=se&keywords=laptop&qid=1753171864&sprefix=%2Caps%2C660&sr=8-18&xpid=yyORC7MGEp591
25,"Lenovo IdeaPad Slim 5 12th Gen Intel Core i5 12450H 16"" (40.6cm) WUXGA+ IPS Laptop (16GB/512GB SSD/Win 11/Office 2021/Backlit KB/FHD Camera/Alexa/3 Month Game Pass/Cloud Grey/1.89Kg), 83BG000PIN","57,790",/sspa/click?ie=UTF8&spc=MTo0MTAxMzM2NzU4OTE2NzM2OjE3NTMxNzE4NjU6c3BfcGhvbmVfc2VhcmNoX3RoZW1hdGljOjMwMDYxOTQ4NTMyMTczMjo6MDo6&url=%2FLenovo-IdeaPad-12450H-Backlit-83BG000PIN%2Fdp%2FB0CFF42RJ6%2Fref%3Dsxin_20_pa_sp_phone_search_thematic_sspa%3Fcontent-id%3Damzn1.sym.4443ee66-42b9-40e8-893c-1284ba030b11%253Aamzn1.sym.4443ee66-42b9-40e8-893c-1284ba030b11%26crid%3D23Z9HPBL2JMRH%26cv_ct_cx%3Dlaptop%26keywords%3Dlaptop%26pd_rd_i%3DB0CFF42RJ6%26pd_rd_r%3D9020af5e-c37f-49b8-8dbf-4ac3a5ae8621%26pd_rd_w%3DDcih8%26pd_rd_wg%3DXsgI9%26pf_rd_p%3D4443ee66-42b9-40e8-893c-1284ba030b11%26pf_rd_r%3D9RXP91WBHNW7C8VZ3RY2%26qid%3D1753171864%26sprefix%3D%252Caps%252C660%26sr%3D1-15-2ec22325-1003-449d-8aaf-c0bcc24717ae-spons%26xpid%3DyyORC7MGEp591%26sp_csd%3Dd2lkZ2V0TmFtZT1zcF9waG9uZV9zZWFyY2hfdGhlbWF0aWM%26psc%3D1&sp_cr=DUB
26,"HP Pavilion 13th Gen Intel Core i5-1340P (16GB RAM/512GB SSD) FHD, 15.6” (39.6cm), Windows 11/MS Office 21, Silver,1.74kg, eg3027TU 720p HD Camera, Backlit Keyboard, Audio by B&O Laptop","67,490",/sspa/click?ie=UTF8&spc=MTo0MTAxMzM2NzU4OTE2NzM2OjE3NTMxNzE4NjU6c3BfcGhvbmVfc2VhcmNoX3RoZW1hdGljOjMwMDYxOTUwOTMxOTQzMjo6MTo6&url=%2FHP-Pavilion-i5-1340P-Graphics-15-eg3079TU%2Fdp%2FB0C2D3NV1S%2Fref%3Dsxin_20_pa_sp_phone_search_thematic_sspa%3Fcontent-id%3Damzn1.sym.4443ee66-42b9-40e8-893c-1284ba030b11%253Aamzn1.sym.4443ee66-42b9-40e8-893c-1284ba030b11%26crid%3D23Z9HPBL2JMRH%26cv_ct_cx%3Dlaptop%26keywords%3Dlaptop%26pd_rd_i%3DB0C2D3NV1S%26pd_rd_r%3D9020af5e-c37f-49b8-8dbf-4ac3a5ae8621%26pd_rd_w%3DDcih8%26pd_rd_wg%3DXsgI9%26pf_rd_p%3D4443ee66-42b9-40e8-893c-1284ba030b11%26pf_rd_r%3D9RXP91WBHNW7C8VZ3RY2%26qid%3D1753171864%26sprefix%3D%252Caps%252C660%26sr%3D1-16-2ec22325-1003-449d-8aaf-c0bcc24717ae-spons%26xpid%3DyyORC7MGEp591%26sp_csd%3Dd2lkZ2V0TmFtZT1zcF9waG9uZV9zZWFyY2hfdGhlbWF0aWM%26psc%3D1&sp_cr=DUB
27,"Lenovo IdeaPad Pro 5, Intel Core Ultra 9 185H, 32GB RAM, 1TB SSD, 2.8K-OLED 400Nits 120Hz, 14""/35.5cm, Windows 11, MS Office 21, Grey, 1.4Kg, 83D2001GIN,IntelArc GPU, FHD+IRCam, AI Powered Laptop","1,01,150",/sspa/click?ie=UTF8&spc=MTo0MTAxMzM2NzU4OTE2NzM2OjE3NTMxNzE4NjU6c3BfcGhvbmVfc2VhcmNoX3RoZW1hdGljOjMwMDQ1NjE3ODExOTYzMjo6Mjo6&url=%2FLenovo-IdeaPad-35-56cm-2-8K-OLED-83D2001GIN%2Fdp%2FB0CY2LDT1S%2Fref%3Dsxin_20_pa_sp_phone_search_thematic_sspa%3Fcontent-id%3Damzn1.sym.4443ee66-42b9-40e8-893c-1284ba030b11%253Aamzn1.sym.4443ee66-42b9-40e8-893c-1284ba030b11%26crid%3D23Z9HPBL2JMRH%26cv_ct_cx%3Dlaptop%26keywords%3Dlaptop%26pd_rd_i%3DB0CY2LDT1S%26pd_rd_r%3D9020af5e-c37f-49b8-8dbf-4ac3a5ae8621%26pd_rd_w%3DDcih8%26pd_rd_wg%3DXsgI9%26pf_rd_p%3D4443ee66-42b9-40e8-893c-1284ba030b11%26pf_rd_r%3D9RXP91WBHNW7C8VZ3RY2%26qid%3D1753171864%26sprefix%3D%252Caps%252C660%26sr%3D1-17-2ec22325-1003-449d-8aaf-c0bcc24717ae-spons%26xpid%3DyyORC7MGEp591%26sp_csd%3Dd2lkZ2V0TmFtZT1zcF9waG9uZV9zZWFyY2hfdGhlbWF0aWM%26psc%3D1&sp_cr=DUB
28,"Acer[SmartChoice Aspire Lite 12thGen Intel Core i5-12450H Premium Laptop(Win11Home/16GB RAM/1TB SSD/IntelUHD Graphics/MSO) AL15-52H, 39.62cm(15.6"") FHD IPS Display,Backlit Keyboard,Pure Silver, 1.7KG","52,990",/sspa/click?ie=UTF8&spc=MTo0MTAxMzM2NzU4OTE2NzM2OjE3NTMxNzE4NjU6c3BfcGhvbmVfc2VhcmNoX3RoZW1hdGljOjMwMDYxOTQ4NTMyMTgzMjo6Mzo6&url=%2FSmartChoice-i5-12450H-Win11Home-IntelUHD-Graphics%2Fdp%2FB0F4XT43LY%2Fref%3Dsxin_20_pa_sp_phone_search_thematic_sspa%3Fcontent-id%3Damzn1.sym.4443ee66-42b9-40e8-893c-1284ba030b11%253Aamzn1.sym.4443ee66-42b9-40e8-893c-1284ba030b11%26crid%3D23Z9HPBL2JMRH%26cv_ct_cx%3Dlaptop%26keywords%3Dlaptop%26pd_rd_i%3DB0F4XT43LY%26pd_rd_r%3D9020af5e-c37f-49b8-8dbf-4ac3a5ae8621%26pd_rd_w%3DDcih8%26pd_rd_wg%3DXsgI9%26pf_rd_p%3D4443ee66-42b9-40e8-893c-1284ba030b11%26pf_rd_r%3D9RXP91WBHNW7C8VZ3RY2%26qid%3D1753171864%26sprefix%3D%252Caps%252C660%26sr%3D1-18-2ec22325-1003-449d-8aaf-c0bcc24717ae-spons%26xpid%3DyyORC7MGEp591%26sp_csd%3Dd2lkZ2V0TmFtZT1zcF9waG9uZV9zZWFyY2hfdGhlbWF0aWM%26psc%3D1&sp_cr=DUB
29,"Lenovo V15 AMD Ryzen 7 7730U 15.6"" (39.62cm) FHD 250 Nits Antiglare Thin and Light Laptop (Free MS Office) Lifetime (16GB/512GB SSD/Windows 11/Iron Grey/1.65 Kg) 1 Year Brand Warranty, 83CRA01SIN","44,990",/sspa/click?ie=UTF8&spc=MTo0MTAxMzM2NzU4OTE2NzM2OjE3NTMxNzE4NjU6c3BfcGhvbmVfc2VhcmNoX3RoZW1hdGljOjMwMDYxMTU3MzkyNTEzMjo6NDo6&url=%2FLenovo-V15-Antiglare-Lifetime-83CRA01SIN%2Fdp%2FB0DDY1HWZL%2Fref%3Dsxin_20_pa_sp_phone_search_thematic_sspa%3Fcontent-id%3Damzn1.sym.4443ee66-42b9-40e8-893c-1284ba030b11%253Aamzn1.sym.4443ee66-42b9-40e8-893c-1284ba030b11%26crid%3D23Z9HPBL2JMRH%26cv_ct_cx%3Dlaptop%26keywords%3Dlaptop%26pd_rd_i%3DB0DDY1HWZL%26pd_rd_r%3D9020af5e-c37f-49b8-8dbf-4ac3a5ae8621%26pd_rd_w%3DDcih8%26pd_rd_wg%3DXsgI9%26pf_rd_p%3D4443ee66-42b9-40e8-893c-1284ba030b11%26pf_rd_r%3D9RXP91WBHNW7C8VZ3RY2%26qid%3D1753171864%26sprefix%3D%252Caps%252C660%26sr%3D1-19-2ec22325-1003-449d-8aaf-c0bcc24717ae-spons%26xpid%3DyyORC7MGEp591%26sp_csd%3Dd2lkZ2V0TmFtZT1zcF9waG9uZV9zZWFyY2hfdGhlbWF0aWM%26psc%3D1&sp_cr=DUB
30,"Lenovo Smartchoice Ideapad Slim 3 13Th Gen Intel Core I7-13620H 15.3 Inch(38.8Cm) WUXGA IPS Laptop(16GB RAM/512GB SSD/Windows 11/Office Home 2024/Backlit Keyboard/1Yr ADP Free/Grey/1.6Kg),83K100CJIN","65,990",/Lenovo-Smartchoice-I7-13620H-Keyboard-83K100CJIN/dp/B0F2162VGQ/ref=mp_s_a_1_19?crid=23Z9HPBL2JMRH&dib=eyJ2IjoiMSJ9.DVLahQfRM-0xaqK8SfyzxRveSCYZZb-0WfrVM7VphYBcutKhEscEkm9IAXreAdiylN7z7vvWeSc-5zNvv2jlrazLr36JB3V_14fPVHNJabJik5Q9E6KKU_MhdSawuT_luQZyyZNireU7TzcSLD0OHcz2VEqdkuh3QDYe1qdINv9Hr_VDA1s0oV2foCTMInrxKg_LCqOrRaWMJg6CbKdQww.BbnAbhzYaSKanyL0BUWPCWfdjMQY6mGfTyCVj-I68PM&dib_tag=se&keywords=laptop&qid=1753171864&sprefix=%2Caps%2C660&sr=8-19&xpid=yyORC7MGEp591
31,"HP 15, 13th Gen Intel Core i3-1315U (12GB DDR4, 512GB SSD) FHD, Anti-Glare, Micro-Edge, 15.6''/39.6cm, Win11, M365 Basic(1yr)* Office24, Silver, 1.59kg, fd0573TU, FHD Camera w/Shutter Laptop","38,490",/HP-i3-1315U-Anti-Glare-Micro-Edge-fd0573TU/dp/B0F4R3GFMQ/ref=mp_s_a_1_20?crid=23Z9HPBL2JMRH&dib=eyJ2IjoiMSJ9.DVLahQfRM-0xaqK8SfyzxRveSCYZZb-0WfrVM7VphYBcutKhEscEkm9IAXreAdiylN7z7vvWeSc-5zNvv2jlrazLr36JB3V_14fPVHNJabJik5Q9E6KKU_MhdSawuT_luQZyyZNireU7TzcSLD0OHcz2VEqdkuh3QDYe1qdINv9Hr_VDA1s0oV2foCTMInrxKg_LCqOrRaWMJg6CbKdQww.BbnAbhzYaSKanyL0BUWPCWfdjMQY6mGfTyCVj-I68PM&dib_tag=se&keywords=laptop&qid=1753171864&sprefix=%2Caps%2C660&sr=8-20&xpid=yyORC7MGEp591
32,"Acer [SmartChoice Aspire 3 Laptop Intel Core Celeron N4500 Processor Laptop (8 GB LPDDR4X SDRAM/256 GB SSD/Win11 Home/38 WHR/HD Webcam) A325-45 with 39.63 cm (15.6"") HD Display, Pure Silver, 1.5 KG","22,990",/Acer-Celeron-Processor-LPDDR4X-A325-45/dp/B0D7PTFFZH/ref=mp_s_a_1_21?crid=23Z9HPBL2JMRH&dib=eyJ2IjoiMSJ9.DVLahQfRM-0xaqK8SfyzxRveSCYZZb-0WfrVM7VphYBcutKhEscEkm9IAXreAdiylN7z7vvWeSc-5zNvv2jlrazLr36JB3V_14fPVHNJabJik5Q9E6KKU_MhdSawuT_luQZyyZNireU7TzcSLD0OHcz2VEqdkuh3QDYe1qdINv9Hr_VDA1s0oV2foCTMInrxKg_LCqOrRaWMJg6CbKdQww.BbnAbhzYaSKanyL0BUWPCWfdjMQY6mGfTyCVj-I68PM&dib_tag=se&keywords=laptop&qid=1753171864&sprefix=%2Caps%2C660&sr=8-21&xpid=yyORC7MGEp591
33,"Dell Inspiron 3530, Intel Core i5-1334U, 13th Gen, 16GB RAM, 1TB SSD, FHD, 15.6""/39.62cm, Windows 11, MS Office 24, Silver, 1.62KG, Backlit Keyboard, McAfee 15 Month, Thin & Light Laptop","59,111",/Dell-Inspiron-3530-i5-1334U-Keyboard/dp/B0DSFQZTVW/ref=mp_s_a_1_4?crid=23Z9HPBL2JMRH&dib=eyJ2IjoiMSJ9._h7lA9_Q3AkyAbh1_iH9ARV4FIYMB8k-fNtiNnWoERXAcRho8iDK0lBGge-1OTvtItQacEW25nHUuuocbaBZV0G2jURfq-_y-LfKh4VkkZKtPWJsf4FaaEq0k13DsRdqiKVWoTqPuYNAdPuO_gmiMitLlmpXsygVA9-5u7UDSrXNl6Tw-zwwbdjM8otDGaX85NddYJ4o3nhYaMpWQ-ZyNw.b50oI9o8NAbjth6mptfp1LrgYHZoqSVqH0wUQh9mpKI&dib_tag=se&keywords=laptop&qid=1753171854&sprefix=%2Caps%2C660&sr=8-4&xpid=yyORC7MGEp591
34,"JioBook 11 with Lifetime Office/Android 4G Laptop Mediatek 8788 (JioOS) / Octa-core/ 4GB RAM / 64 eMMC Storage/Thin and Light Laptop (11.6 inch, 990 Grams)/ Dual Band WiFi + SIM/Blue","12,990",/JioBook-Octa-Core-LPDDR4-JioOS-Expandable/dp/B0CKX9PY1H/ref=mp_s_a_1_22?crid=23Z9HPBL2JMRH&dib=eyJ2IjoiMSJ9.DVLahQfRM-0xaqK8SfyzxRveSCYZZb-0WfrVM7VphYBcutKhEscEkm9IAXreAdiylN7z7vvWeSc-5zNvv2jlrazLr36JB3V_14fPVHNJabJik5Q9E6KKU_MhdSawuT_luQZyyZNireU7TzcSLD0OHcz2VEqdkuh3QDYe1qdINv9Hr_VDA1s0oV2foCTMInrxKg_LCqOrRaWMJg6CbKdQww.BbnAbhzYaSKanyL0BUWPCWfdjMQY6mGfTyCVj-I68PM&dib_tag=se&keywords=laptop&qid=1753171864&sprefix=%2Caps%2C660&sr=8-22&xpid=yyORC7MGEp591
35,"Lenovo {SmartChoice)Chromebook Intel Celeron N4500 (4GB RAM/64GB eMMC 5.1/11.6 Inch (29.46cm)/HD Display/2Wx2 Stereo Speakers/HD Camera/Chrome OS/Blue/1.21Kg), 82UY0014HA","15,990",/sspa/click?ie=UTF8&spc=MToxNTA3MTUwNjY5MDMxMDQ4OjE3NTMxNzE4NjU6c3BfcGhvbmVfc2VhcmNoX210ZjozMDA2MTkxOTMxNDM1MzI6OjA6Og&url=%2FLenovo-SmartChoice-Chromebook-Speakers-82UY0014HA%2Fdp%2FB0F2TMZJ24%2Fref%3Dmp_s_a_1_23_sspa%3Fcrid%3D23Z9HPBL2JMRH%26dib%3DeyJ2IjoiMSJ9.DVLahQfRM-0xaqK8SfyzxRveSCYZZb-0WfrVM7VphYBcutKhEscEkm9IAXreAdiylN7z7vvWeSc-5zNvv2jlrazLr36JB3V_14fPVHNJabJik5Q9E6KKU_MhdSawuT_luQZyyZNireU7TzcSLD0OHcz2VEqdkuh3QDYe1qdINv9Hr_VDA1s0oV2foCTMInrxKg_LCqOrRaWMJg6CbKdQww.BbnAbhzYaSKanyL0BUWPCWfdjMQY6mGfTyCVj-I68PM%26dib_tag%3Dse%26keywords%3Dlaptop%26qid%3D1753171864%26sprefix%3D%252Caps%252C660%26sr%3D8-23-spons%26xpid%3DyyORC7MGEp591%26sp_csd%3Dd2lkZ2V0TmFtZT1zcF9waG9uZV9zZWFyY2hfbXRm%26psc%3D1&sp_cr=DUB
36,"ASUS Zenbook 14, AMD Ryzen AI 5 340, AI PC(AMD Radeon Graphics/16GB RAM/512GB SSD/3K OLED/14/120Hz/Windows 11/M365 Basic (1Year)*/Office Home 2024/Jade Black/1.2 Kg) UM3406KA-PP240WS","93,990",/sspa/click?ie=UTF8&spc=MToxNTA3MTUwNjY5MDMxMDQ4OjE3NTMxNzE4NjU6c3BfcGhvbmVfc2VhcmNoX210ZjozMDA2MjMwMTQzMTk5MzI6OjA6Og&url=%2FASUS-Zenbook-Graphics-Windows-UM3406KA-PP240WS%2Fdp%2FB0F9YG6D4C%2Fref%3Dmp_s_a_1_24_sspa%3Fcrid%3D23Z9HPBL2JMRH%26dib%3DeyJ2IjoiMSJ9.DVLahQfRM-0xaqK8SfyzxRveSCYZZb-0WfrVM7VphYBcutKhEscEkm9IAXreAdiylN7z7vvWeSc-5zNvv2jlrazLr36JB3V_14fPVHNJabJik5Q9E6KKU_MhdSawuT_luQZyyZNireU7TzcSLD0OHcz2VEqdkuh3QDYe1qdINv9Hr_VDA1s0oV2foCTMInrxKg_LCqOrRaWMJg6CbKdQww.BbnAbhzYaSKanyL0BUWPCWfdjMQY6mGfTyCVj-I68PM%26dib_tag%3Dse%26keywords%3Dlaptop%26qid%3D1753171864%26sprefix%3D%252Caps%252C660%26sr%3D8-24-spons%26xpid%3DyyORC7MGEp591%26sp_csd%3Dd2lkZ2V0TmFtZT1zcF9waG9uZV9zZWFyY2hfbXRm%26psc%3D1&sp_cr=DUB
37,"Dell 15 13th Gen Thin & Light Laptop, Intel Core i3-1305U, 15.6"" FHD 120Hz 250 nits Narrow Border Display, 16GB DDR4 RAM, 512GB, Intel UHD Graphics, Windows 11 + Office H&S 2024, Carbon Black, 1.66Kg","41,180",/Dell-i3-1305U-Display-Graphics-Windows/dp/B0FG2RJ9NC/ref=mp_s_a_1_25?crid=23Z9HPBL2JMRH&dib=eyJ2IjoiMSJ9.DVLahQfRM-0xaqK8SfyzxRveSCYZZb-0WfrVM7VphYBcutKhEscEkm9IAXreAdiylN7z7vvWeSc-5zNvv2jlrazLr36JB3V_14fPVHNJabJik5Q9E6KKU_MhdSawuT_luQZyyZNireU7TzcSLD0OHcz2VEqdkuh3QDYe1qdINv9Hr_VDA1s0oV2foCTMInrxKg_LCqOrRaWMJg6CbKdQww.BbnAbhzYaSKanyL0BUWPCWfdjMQY6mGfTyCVj-I68PM&dib_tag=se&keywords=laptop&qid=1753171864&sprefix=%2Caps%2C660&sr=8-25&xpid=yyORC7MGEp591
38,"Comfyable Puffy Laptop Sleeve 13 Inch 14 Inch, Quilted Puffer Laptop Carrying Case for Women, Pillow Case Compatible for MacBook Air M4 M3 M2 M1, MacBook Pro 13 Inch 14 Inch, 13 in 14 in Cover","2,799",https://aax-eu.amazon.in/x/c/JCs33Mh3OzihJ9hJh0lXWAYAAAGYMS-uKAMAAAH2AQBvbm9fdHhuX2JpZDEgICBvbm9fdHhuX2ltcDEgICBFTjMI/clv1_CEuOPUxokZA0iHrVefUjyDPwSy9ccZcz7roC1Qe0-9Jfx38mpyG5Fv018HHz9hvVjq0yzpNb3X7OfU0OAmcAJFptPDCxHZXUMGwLPGx0a2CfELdWskfB8IkGXCQMUuW6XJfef1D8rsFSE0M9llvwdksJOldODd93Q196UuYlQRaY37qDjF4oXlv5OpjsdqwyCjQHbdXAhZRSWWhBJNwAffQdjs-hn4wsEjvWNPQG9gUahJtJn6j8Z0wG3nKH1EB2AHnpPv3v4jxS3xU_LeksSii7JF-JjAz9B7yl_bPrUYAZJ0SW56eH2BSUezOaAI-SnPc5zfNkdeqAqYb8DceoMutR6tNYWhIAvo8C-9FHE6Fj0W5fDGy7yyiRpbY4UFOaYzQxqmqAj0UNuzT-N52bUz1lAp3XhtVXPtM6C2xN4Sp2M752rihBP2dM-J0mRnMYGeGRQNXmq8-GXy4dCTTLqaFKWEG2vEWUYQR5WaRd-NWXKXNt_6mgwAGvbmtDCZqWvuxXwzFGQ7gKsD6IjWaG7T_YVikdbVAMGxW6ag_TZobfVH2VPgFkyiAgEmbfV3nbEqkjvOAjexablbx0quEMJgjQOzBmuS5DicEMuN2sg0sJuI2Q7ItMVnzd8SK_Rr6dNl0ib9ccJD9czrB0bq0SnRk-_IPmGU5NeF8Qn8RYwr4pGE8TUxiisEMovxXcduBp_Swj8V1Yw-1gyrYRME2jN0AxppLYB_rTz5yZAU8DCzDvi0rBQ8lx5Bdb69NzWsaer6dxKxz283_Y1kfTGn_6EAJHvybgK3le9P9zS6E0XBat10kYY-5euz9ttp-xc2m8dv-wZgtk3wbumc9gav1NnbW9hmc3i_SGSsmUlcGOlHDqgknG2FMB9jOXj1KupDndjOQlrON7rhHrP9sQWccCMfSi2sGFoxNUGwQoOSrmtCGHsix4I3IkRElNRzDk2H-VsxW-Rvv24YWxlP_puAqqYbt2PsS9f-Lu60eCcS18IuIYSARadmlCeJH0zzz9YGMtHCOB_5FQ3D4dWeca55W-6TZNlSlqIvy_nW4g6oRY7wR0SUOPUoSrDAi9d4xBfo13QFP-XqCSShUGBraZWJmdk8PYSina655_L_YJC10yPoq4Km6SXdhFrFxtBKiCufTiuNEZbPrLhxYsD-BrpF4bbH4bTcHBKGHhLadTi73e94WgsB2t-Uj11oY3ihxtRfEcJUOzHXjdhEepHzkmiELcG4eZ6clbga531Sqo7sZyNljcbw8LI3OK8W6fliAFG6zZeqgkoeqidkv9XalCW70Xo1kD3JNAg5-Bi1u7mmWOZOTdT-tKS8bF4Pg_rwqc89wyEoUddyqV0nPjq7wmDkcm6I-67u0a6HpqeOALDs9wvIsVxkerAk22mPioDk-9QO1oLDnUaSiOcQT8QhE9VY-CU9qKhTyEKG9_nosQ9cOS-ldyVhdzqPETNu82JRX-Jyic8hQ-BB7Uh4O4gjbgODfxQHDy5zyYYdA5_qIsz4o95E0islT-JVCzAmFu15gKn8G_rlzudHJrd8gzEInQceAANG3EjcfpPGmzC1aCHY857su015Sj2rSEQodhCd4Hiq5eTeX7Dij8wp6maf_OIEQfQwFU7NbW_YMa7qfdwnnmkey9TQ3hCjGtmgcLqVRZGoG3XRXfFkHr3Y82aX-AvHtK_Z0sRSH7L1IXAa5sq-IBRNWSD8IuvbXoTHsSyua5sPSdod4teai36SlitDShiq0dDyXp2gNkoCy8qdZLATSl0Gn1pbHp-dsqXqZ330n8JcIpmqYR_ja4o4RUD61FRa8T02kKTe3e4ULhRvn_Kyf49p3ANMe-0-Uz1e0sI_C5jfp0gCckfPJkBaVojdr1BFvuMeuoiaR4duKYeJsBSh5whS9fkYn1N6_onH4JI6et6YUFkOPIeAZCsMOQiBJHeDbxJs2vkxNx3vMIUpPOvbMdsXw1DxFnxq3ifaYHzTfAKkB5-oe8eSMVDvCY5o-5V4vOA0SG1Mx5OhLmgkCv82mppxUc4tjTXqwfpypRKO7T5-7A5V2gKdAoQfBWpkgn16CG7pe80LIoIpj7B_suPYRwRLpD0NlGK18SfPE5n3QiBZ6N_3gCHRB1A9jjN3qTGyG7NW4tR4-r3dCAfeZO0UwYUva-R8R8TSuULOF_qLcanEy4STQqxgIAG0xwQSrjHw_s6S6NJqqF_nYLgU3W3OQii9hcXeLEBu3FKMpDK18bahNyjPT_zs6Uw_j2i6DqK_gvyWRz-KXRxWnZ/https://www.amazon.in/Comfyable-Quilted-Carrying-Compatible-MacBook/dp/B0BWRPRL9T/ref=sxin_29_sbv_search_btf?content-id=amzn1.sym.7f7d38d5-0d34-4957-ad30-7a71da6e249f%3Aamzn1.sym.7f7d38d5-0d34-4957-ad30-7a71da6e249f&crid=23Z9HPBL2JMRH&cv_ct_cx=laptop&keywords=laptop&pd_rd_i=B0BWRPRL9T&pd_rd_r=9020af5e-c37f-49b8-8dbf-4ac3a5ae8621&pd_rd_w=MObu1&pd_rd_wg=XsgI9&pf_rd_p=7f7d38d5-0d34-4957-ad30-7a71da6e249f&pf_rd_r=9RXP91WBHNW7C8VZ3RY2&qid=1753171864&sbo=RZvfv%2F%2FHxDF%2BO5021pAnSA%3D%3D&sprefix=%2Caps%2C660&sr=1-15-cafa6795-5f85-4255-8de0-b872419901ca&xpid=yyORC7MGEp591
39,"ASUS Vivobook 16X 12th Gen, Intel Core i5-12500H Creator/Gaming Laptop(NVIDIA RTX 2050-4GB/16GB/512GB/FHD+/16.0""/144Hz/Windows 11/M365 Basic (1Year)*/Office Home 2024/Silver/1.67 kg) K3605ZF-RP458WS","56,990",/ASUS-Vivobook-i5-12500H-2050-4GB-K3605ZF-RP458WS/dp/B0DS2DQD9L/ref=mp_s_a_1_26?crid=23Z9HPBL2JMRH&dib=eyJ2IjoiMSJ9.DVLahQfRM-0xaqK8SfyzxRveSCYZZb-0WfrVM7VphYBcutKhEscEkm9IAXreAdiylN7z7vvWeSc-5zNvv2jlrazLr36JB3V_14fPVHNJabJik5Q9E6KKU_MhdSawuT_luQZyyZNireU7TzcSLD0OHcz2VEqdkuh3QDYe1qdINv9Hr_VDA1s0oV2foCTMInrxKg_LCqOrRaWMJg6CbKdQww.BbnAbhzYaSKanyL0BUWPCWfdjMQY6mGfTyCVj-I68PM&dib_tag=se&keywords=laptop&qid=1753171864&sprefix=%2Caps%2C660&sr=8-26&xpid=yyORC7MGEp591
40,STRIFF Adjustable Laptop Tabletop Stand Patented Riser Ventilated Portable Foldable Compatible with MacBook Notebook Tablet Tray Desk Table Book with Free Phone Stand (Black),249,/STRIFF-Adjustable-Patented-Ventilated-Compatible/dp/B07XCM6T4N/ref=mp_s_a_1_27?crid=23Z9HPBL2JMRH&dib=eyJ2IjoiMSJ9.DVLahQfRM-0xaqK8SfyzxRveSCYZZb-0WfrVM7VphYBcutKhEscEkm9IAXreAdiylN7z7vvWeSc-5zNvv2jlrazLr36JB3V_14fPVHNJabJik5Q9E6KKU_MhdSawuT_luQZyyZNireU7TzcSLD0OHcz2VEqdkuh3QDYe1qdINv9Hr_VDA1s0oV2foCTMInrxKg_LCqOrRaWMJg6CbKdQww.BbnAbhzYaSKanyL0BUWPCWfdjMQY6mGfTyCVj-I68PM&dib_tag=se&keywords=laptop&qid=1753171864&sprefix=%2Caps%2C660&sr=8-27&xpid=yyORC7MGEp591
41,"Acer [SmartChoice Aspire Lite AMD Ryzen 5-5625U Processor, 16 GB/512 GB, Full HD, 15.6""/39.62 cm, Windows 11 Home, Steel Gray, 1.59 kg, AL15-41, Metal Body, Thin and Light Laptop","34,990",/5-5625U-Premium-Windows-AL15-41-Display/dp/B0DG2GCTD7/ref=mp_s_a_1_28?crid=23Z9HPBL2JMRH&dib=eyJ2IjoiMSJ9.DVLahQfRM-0xaqK8SfyzxRveSCYZZb-0WfrVM7VphYBcutKhEscEkm9IAXreAdiylN7z7vvWeSc-5zNvv2jlrazLr36JB3V_14fPVHNJabJik5Q9E6KKU_MhdSawuT_luQZyyZNireU7TzcSLD0OHcz2VEqdkuh3QDYe1qdINv9Hr_VDA1s0oV2foCTMInrxKg_LCqOrRaWMJg6CbKdQww.BbnAbhzYaSKanyL0BUWPCWfdjMQY6mGfTyCVj-I68PM&dib_tag=se&keywords=laptop&qid=1753171864&sprefix=%2Caps%2C660&sr=8-28&xpid=yyORC7MGEp591
42,"Chuwi HeroBook Pro 14.1'' Intel Celeron N4020 Laptop with 8GB RAM, 256GB SSD, Windows 11, 1TB Expand, FHD IPS, Ultra Slim, USB3.0, Mini-HDMI, Webcam","17,990",/Chuwi-HeroBook-Pro-Celeron-Mini-HDMI/dp/B0D9RXH8X5/ref=mp_s_a_1_29?crid=23Z9HPBL2JMRH&dib=eyJ2IjoiMSJ9.DVLahQfRM-0xaqK8SfyzxRveSCYZZb-0WfrVM7VphYBcutKhEscEkm9IAXreAdiylN7z7vvWeSc-5zNvv2jlrazLr36JB3V_14fPVHNJabJik5Q9E6KKU_MhdSawuT_luQZyyZNireU7TzcSLD0OHcz2VEqdkuh3QDYe1qdINv9Hr_VDA1s0oV2foCTMInrxKg_LCqOrRaWMJg6CbKdQww.BbnAbhzYaSKanyL0BUWPCWfdjMQY6mGfTyCVj-I68PM&dib_tag=se&keywords=laptop&qid=1753171864&sprefix=%2Caps%2C660&sr=8-29&xpid=yyORC7MGEp591
43,"Lenovo V15 Intel Celeron N4500 15.6"" (39.62 cm) FHD (1920x1080) Antiglare 250 Nits Thin and Light Laptop (8GB RAM/256GB SSD/Windows 11 Home/Black/1Y Onsite/1.7 kg), 82QYA00MIN","21,990",/Lenovo-Celeron-1920x1080-Antiglare-82QYA00MIN/dp/B0C28FKJXG/ref=mp_s_a_1_30?crid=23Z9HPBL2JMRH&dib=eyJ2IjoiMSJ9.DVLahQfRM-0xaqK8SfyzxRveSCYZZb-0WfrVM7VphYBcutKhEscEkm9IAXreAdiylN7z7vvWeSc-5zNvv2jlrazLr36JB3V_14fPVHNJabJik5Q9E6KKU_MhdSawuT_luQZyyZNireU7TzcSLD0OHcz2VEqdkuh3QDYe1qdINv9Hr_VDA1s0oV2foCTMInrxKg_LCqOrRaWMJg6CbKdQww.BbnAbhzYaSKanyL0BUWPCWfdjMQY6mGfTyCVj-I68PM&dib_tag=se&keywords=laptop&qid=1753171864&sprefix=%2Caps%2C660&sr=8-30&xpid=yyORC7MGEp591
44,"HP 15, AMD Ryzen 3 7320U (8GB LPDDR5, 512GB SSD) FHD, Anti-Glare, Micro-Edge, 15.6""/39.6cm, Win 11, Office 21, Silver, 1.59kg, fc0154AU, AMD Radeon Graphics, 1080p FHD Camera Laptop","30,850",/HP-Laptop-15-6-inch-Graphics-fc0154AU/dp/B0D3HG5CMG/ref=mp_s_a_1_5?crid=23Z9HPBL2JMRH&dib=eyJ2IjoiMSJ9._h7lA9_Q3AkyAbh1_iH9ARV4FIYMB8k-fNtiNnWoERXAcRho8iDK0lBGge-1OTvtItQacEW25nHUuuocbaBZV0G2jURfq-_y-LfKh4VkkZKtPWJsf4FaaEq0k13DsRdqiKVWoTqPuYNAdPuO_gmiMitLlmpXsygVA9-5u7UDSrXNl6Tw-zwwbdjM8otDGaX85NddYJ4o3nhYaMpWQ-ZyNw.b50oI9o8NAbjth6mptfp1LrgYHZoqSVqH0wUQh9mpKI&dib_tag=se&keywords=laptop&qid=1753171854&sprefix=%2Caps%2C660&sr=8-5&xpid=yyORC7MGEp591
45,"HP 14 (2025), AMD Ryzen 5 7520U Quad Core - (8 GB/512 GB SSD/AMD Radeon Graphics/Windows 11) Thin and Light Business Laptop/14.0"" HD Display/Ash Grey/1.36 kg/MS Office 2021","29,990",/HP-14-Ryzen-7520U-Quad/dp/B0F6V25PSC/ref=mp_s_a_1_31?crid=23Z9HPBL2JMRH&dib=eyJ2IjoiMSJ9.DVLahQfRM-0xaqK8SfyzxRveSCYZZb-0WfrVM7VphYBcutKhEscEkm9IAXreAdiylN7z7vvWeSc-5zNvv2jlrazLr36JB3V_14fPVHNJabJik5Q9E6KKU_MhdSawuT_luQZyyZNireU7TzcSLD0OHcz2VEqdkuh3QDYe1qdINv9Hr_VDA1s0oV2foCTMInrxKg_LCqOrRaWMJg6CbKdQww.BbnAbhzYaSKanyL0BUWPCWfdjMQY6mGfTyCVj-I68PM&dib_tag=se&keywords=laptop&qid=1753171864&sprefix=%2Caps%2C660&sr=8-31&xpid=yyORC7MGEp591
46,"Dell Inspiron 3530 Laptop, 13th Gen Intel Core i5-1334U Processor, 16GB, 512GB SSD, 15.6""(39.62cm) FHD 120Hz 250 nits, Backlit KB, Windows 11 + MSO'24 & 15 Month McAfee, Silver, Thin & Light- 1.62kg","57,490",/sspa/click?ie=UTF8&spc=MToxNTA3MTUwNjY5MDMxMDQ4OjE3NTMxNzE4NjU6c3BfcGhvbmVfc2VhcmNoX2J0ZjozMDA0NTY5MDQ3MDIwMzI6OjA6Og&url=%2FDell-Inspiron-i5-1334U-Processor-39-62cm%2Fdp%2FB0D2Y1BLDT%2Fref%3Dmp_s_a_1_32_sspa%3Fcrid%3D23Z9HPBL2JMRH%26dib%3DeyJ2IjoiMSJ9.DVLahQfRM-0xaqK8SfyzxRveSCYZZb-0WfrVM7VphYBcutKhEscEkm9IAXreAdiylN7z7vvWeSc-5zNvv2jlrazLr36JB3V_14fPVHNJabJik5Q9E6KKU_MhdSawuT_luQZyyZNireU7TzcSLD0OHcz2VEqdkuh3QDYe1qdINv9Hr_VDA1s0oV2foCTMInrxKg_LCqOrRaWMJg6CbKdQww.BbnAbhzYaSKanyL0BUWPCWfdjMQY6mGfTyCVj-I68PM%26dib_tag%3Dse%26keywords%3Dlaptop%26qid%3D1753171864%26sprefix%3D%252Caps%252C660%26sr%3D8-32-spons%26xpid%3DyyORC7MGEp591%26sp_csd%3Dd2lkZ2V0TmFtZT1zcF9waG9uZV9zZWFyY2hfYnRm%26psc%3D1&sp_cr=DUB
47,"Samsung Galaxy Book4 (Gray, 16GB RAM, 512GB SSD) | 15.6"" Full HD Screen | Intel Core i5 1335U Processor | Windows 11 Home | MS Office 2021 | Fingerprint Reader | Intel Iris XE Graphics | RJ45 LAN Port","54,399",/sspa/click?ie=UTF8&spc=MToxNTA3MTUwNjY5MDMxMDQ4OjE3NTMxNzE4NjU6c3BfcGhvbmVfc2VhcmNoX2J0ZjozMDA2MjIxOTM5OTc3MzI6OjA6Og&url=%2FSamsung-Processor-Windows-Fingerprint-Graphics%2Fdp%2FB0D143SJ9R%2Fref%3Dmp_s_a_1_33_sspa%3Fcrid%3D23Z9HPBL2JMRH%26dib%3DeyJ2IjoiMSJ9.DVLahQfRM-0xaqK8SfyzxRveSCYZZb-0WfrVM7VphYBcutKhEscEkm9IAXreAdiylN7z7vvWeSc-5zNvv2jlrazLr36JB3V_14fPVHNJabJik5Q9E6KKU_MhdSawuT_luQZyyZNireU7TzcSLD0OHcz2VEqdkuh3QDYe1qdINv9Hr_VDA1s0oV2foCTMInrxKg_LCqOrRaWMJg6CbKdQww.BbnAbhzYaSKanyL0BUWPCWfdjMQY6mGfTyCVj-I68PM%26dib_tag%3Dse%26keywords%3Dlaptop%26qid%3D1753171864%26sprefix%3D%252Caps%252C660%26sr%3D8-33-spons%26xpid%3DyyORC7MGEp591%26sp_csd%3Dd2lkZ2V0TmFtZT1zcF9waG9uZV9zZWFyY2hfYnRm%26psc%3D1&sp_cr=DUB
48,"beAAtho® Verona Mesh Mid-Back Ergonomic Desk Office Chair with Tilting Mechanism, Comfortable Seat, and Revolving Heavy Duty Metal Base | Ideal for Work from Home & Study (Black)","3,598",https://aax-eu.amazon.in/x/c/JGVhs_b8JEanRUVq_pysAhcAAAGYMS-uHAMAAAH2AQBvbm9fdHhuX2JpZDEgICBvbm9fdHhuX2ltcDIgICBXWUiC/clv1_CEuOPUxokZA0iHrVaNgC0XPOX3NBS7YbjqgdsDqp6Mhb138epyG5Fv018HHz9hvVjq0yzpNb3X7OfU1SAmcANXdMJXCPCcnJCk0jXH5rDl2CA61SokfB8IkGXCRQU-W6XJfef1D8rsFSE0M9llvwdksJOldODd93Q196UuYlQRaY37qDjF4oXlv5OpjsdqwyCjQHbdXAhZRSWWhBJNwAffQdjs-hn4wsEjvWNPQG9gUahJtJn6j8Z0wG3nKH1EB2AHnpPv3v4jxS3xU_LeksSii7JF-JjAz9B7yl_bPrUYAZJ0SW56eH2BSUezfFFKquxfdC8Lt0dtrnrbTkCvWlLfoq8e0ueBY-vo8C-9FHE6Fj0W5fDGi7yyidoLYoUBibYyx9qnqAwUQnhinFOJGQaFdhRZzXuNdUWekbGEVr5yp2N7x1hxpbFTt6_ZtQIVQjGYWURtXE4c2WYj0fYwqXp5k5RHmyoBqWXwRyXIlzu-6HH3FT4s6H-wHLa21DI5qXvtFS_CF8CoIymgGwjQSZ6zz9CBRvUEkOcgmDU2TPNZf2bSaWBD9t80ENAnfyX2DZEaVnuuFlcRCdkrZwrNwGIyffMSBcrRFM49kMurj5gHo1hoWBxbIZR1XV_iKvQvOINUlneNcPMzxyyep3CK0Tnm89pYDmMBZaRltdiflQj6spBE4QQwO8s20w-hbxbuZ-_j8x5l1X1fo4ye0GDlGjN34hpYbYE_rE8ZiaAV8mGyfBshXDbPdr8BJm-NIGG4Cpvf5vKwPIpG7x7xLCM3TuASh2rzfNL3VYn-NgSMUsZBWi21ogFNBtg2Bls6eKUmO6cPi6TAh4gwHLv9NeX-FWp7CDnHMytveGL76Xr9Gkikiz-TzB7lMUzgns0G-7mmbKo9kGq9oEngDBDssBd7QNM86qxMK_0AhnMyIzMjiRtifj0WlEJkx7RHA0AjPn-W-EnRm9eN769IKYqvXQ0haZaKpTNMK9RaruxWWCchNWaOMmbgdbZFdYeeD40QbtF2QueXqlx7xL3ik0WaYa2Z396TZjlSlqLra9jXpr6IZitBFfUkGHaNm2OQi5MbBVAotgUC74XrDeGxICEqC0cqORlenIQB6F-4dIL5UIPCdNJYbCNlmoAshoq3ZHGK6pouvPvucFbtPykRICG_ZGjmQXalQLR_f7KCbnIq9XuLKhr4Cw1x6b5kTy5rA_tSdbRc4dPljpCHigxUasXCcJ_F3dG9in6v9xr617oAS07aMRcla4AFM8fmOWyEeDhTMoPaLJR6Azou6ib1jDa6JpbrEXoFYlwaMl3pC0_zD0nWSKMs7wdv9PZ97b9uYg9jOp3aYzEpkhTQSGkk6RleMheAkl05_76OwO2SBqeONRNOADmr0ViGSzKE22jvmJVXStWLNdSjnbdHOwcQT9XiIhD5S7Sq2KhRSFCXx564sMzMzxpm0ZVgRY8LQdJtI-PAbGJwmB9CoQAGbYoIvdvzPPTQ7oQFryyQHtYco44YwD9uE971wLiw_DOmL4AmFu15gKm9OJi0Srdxlrd_oyJpHXL_g3JDThg-noM0OzPkKAH5Qiove_1JOhyobVar1bDd8T6edmQpr5PV3R3p7dberdAn0NawQS79Xj8YIjz8TQw23D0tC5UUbMCi23mhBov1dgfYycczjIPGfvm7YTeSW-qC4V95I0TQvocV0DP7p6hshuVMOrF84V4aG0dEIS5_aIguWOl8JqeIK3sylgvGqqnrZICxvAmihkkna5h6VbAQ2Xm1KApbHRncNRVKkIwHHdPoMupKoTwDSZoZN-DN9SIK9g5GwKNvCt_XL0V_GNGDSO_7aaCZu33Lhu_v4VItytgaNzlCN7UfV4Mp0avPnFBSDYBIOsqLJTYs2cZOFIZxpBhhBSt8_eM42zsFsee4uH6vc9zuOPSHVF6_v3_xZxZiHjLsqWxg9XpboKbq-50BHoJ8paTbuQXy5b9MtVa45vx4btztcW6qrHuKN0pYb6FKOHZxuHwJgfbTvbD-BhZAjMXvbtIDlcK5qoWJvHmAHy6Xc9AdlhVRtCL8EdrkB5g-LdudK8i-hqPcioRfJrIt5lRaEKzJJQaUUHevFxgD9tMLqnwnwccVZmTe7RBVvKOwa5CGU2C4Wi7u7kDeRu0UwYzZXRyLULJE_6eoYmrrw0rGijewBrq3x85hldDH6_JuPWEmmjvqy8iTYNVoJt/https://www.amazon.in/beAAtho%C2%AE-Mesh-Ergonomic-Adjustable-Mechanism/dp/B093CMF5X8/ref=sxbs_sbv_search_btf?content-id=amzn1.sym.b00d863e-6d8f-4eaf-98cc-61175157a359%3Aamzn1.sym.b00d863e-6d8f-4eaf-98cc-61175157a359&crid=23Z9HPBL2JMRH&cv_ct_cx=laptop&keywords=laptop&pd_rd_i=B093CMF5X8&pd_rd_r=2ae01e69-f440-4af0-b7a1-87e4d84fa015&pd_rd_w=8NRCt&pd_rd_wg=8fIa0&pf_rd_p=b00d863e-6d8f-4eaf-98cc-61175157a359&pf_rd_r=9RXP91WBHNW7C8VZ3RY2&qid=1753171864&sbo=RZvfv%2F%2FHxDF%2BO5021pAnSA%3D%3D&sprefix=%2Caps%2C660&sr=1-15-82999452-c953-4f9e-98a2-9c16001f5992&xpid=yyORC7MGEp591
49,"ASUS Vivobook 16, AMD Ryzen AI 7 350, AI PC(AMD Radeon iGPU/16GB RAM/512GB SSD/FHD+/16""/60Hz/Backlit Keyboard/42Whr/Windows 11/M365 Basic (1Year)*/Office Home 2024/Cool Silver/1.88 Kg) M1607KA-MB134WS","72,990",/sspa/click?ie=UTF8&spc=MTo0NDU4Mzc4NTQ5NDMyNzQ0OjE3NTMxNzE4NzY6c3BfcGhvbmVfc2VhcmNoX2F0Zl9uZXh0OjMwMDYyMzAxNDMxOTgzMjo6MDo6&url=%2FASUS-Vivobook-Backlit-Keyboard-M1607KA-MB134WS%2Fdp%2FB0FC2H6R9W%2Fref%3Dmp_s_a_1_29_sspa%3Fcrid%3D23Z9HPBL2JMRH%26dib%3DeyJ2IjoiMSJ9.uiiTR60en6hzM22NwKkmLYF0Cfp-CuojH5IrpKY7_BIWz1dna8SC23zoGBBgVeu5KoI3aUi0xiYqzlzoNX0OX99Qv9j82xsqwluAhveZsTyIj5fcW9colUNbIIJL4EVaU-kxf1Fp0AI_5pH0yftslbz2GXfc6AIzzxmJr7H5MX7LBQrzjMGMABs4zKmq7UWUD9QyZQQ8ji9TCKrMMFe2cQ.SPPRus5tLGeUKaAPsGjVXX4GF9Pvb-7RX7hR5B7hfkA%26dib_tag%3Dse%26keywords%3Dlaptop%26qid%3D1753171876%26sprefix%3D%252Caps%252C660%26sr%3D8-29-spons%26xpid%3DyyORC7MGEp591%26sp_csd%3Dd2lkZ2V0TmFtZT1zcF9waG9uZV9zZWFyY2hfYXRmX25leHQ%26psc%3D1&sp_cr=DUB
50,"Lenovo V15 G4 AMD Ryzen 5 7520U 15.6 inch FHD Thin & Lite Laptop, AMD Graphics, 16GB DDR5 5500Mhz Ram, 512GB SSD NVMe, Windows 11, Dolby Audio, Arctic Grey, 1 Year Onsite Brand Warranty","33,791",/Lenovo-Graphics-5500Mhz-Windows-Warranty/dp/B0F29HNJL1/ref=mp_s_a_1_30?crid=23Z9HPBL2JMRH&dib=eyJ2IjoiMSJ9.uiiTR60en6hzM22NwKkmLYF0Cfp-CuojH5IrpKY7_BIWz1dna8SC23zoGBBgVeu5KoI3aUi0xiYqzlzoNX0OX99Qv9j82xsqwluAhveZsTyIj5fcW9colUNbIIJL4EVaU-kxf1Fp0AI_5pH0yftslbz2GXfc6AIzzxmJr7H5MX7LBQrzjMGMABs4zKmq7UWUD9QyZQQ8ji9TCKrMMFe2cQ.SPPRus5tLGeUKaAPsGjVXX4GF9Pvb-7RX7hR5B7hfkA&dib_tag=se&keywords=laptop&qid=1753171876&sprefix=%2Caps%2C660&sr=8-30&xpid=yyORC7MGEp591
51,"HP 15 (2025), Intel Celeron Dual Core N4500 - (8 GB/256 GB SSD/Intel UHD Graphics/Windows 11 Pro) Thin and Light Business Laptop/15.6"" HD Display/Ash Grey/1.5 kg/MS Office 2021","23,340",/HP-15-Intel-Celeron-N4500/dp/B0F8WTY1HN/ref=mp_s_a_1_31?crid=23Z9HPBL2JMRH&dib=eyJ2IjoiMSJ9.uiiTR60en6hzM22NwKkmLYF0Cfp-CuojH5IrpKY7_BIWz1dna8SC23zoGBBgVeu5KoI3aUi0xiYqzlzoNX0OX99Qv9j82xsqwluAhveZsTyIj5fcW9colUNbIIJL4EVaU-kxf1Fp0AI_5pH0yftslbz2GXfc6AIzzxmJr7H5MX7LBQrzjMGMABs4zKmq7UWUD9QyZQQ8ji9TCKrMMFe2cQ.SPPRus5tLGeUKaAPsGjVXX4GF9Pvb-7RX7hR5B7hfkA&dib_tag=se&keywords=laptop&qid=1753171876&sprefix=%2Caps%2C660&sr=8-31&xpid=yyORC7MGEp591
52,"Primebook 4G, 2025(New, WiFi+4G) Android Based MediaTek MT8788 - (PrimeOS) 4G SIM Slot, Thin and Light Laptop (11.6 Inch, 1.065 Kg, Type C, USB, HDMI, MicroSD) (4GB/64GB eMMC Storage, Black)","16,490",/Primebook-Android-Based-MediaTek-MT8788/dp/B0D1Y3MVGL/ref=mp_s_a_1_32?crid=23Z9HPBL2JMRH&dib=eyJ2IjoiMSJ9.uiiTR60en6hzM22NwKkmLYF0Cfp-CuojH5IrpKY7_BIWz1dna8SC23zoGBBgVeu5KoI3aUi0xiYqzlzoNX0OX99Qv9j82xsqwluAhveZsTyIj5fcW9colUNbIIJL4EVaU-kxf1Fp0AI_5pH0yftslbz2GXfc6AIzzxmJr7H5MX7LBQrzjMGMABs4zKmq7UWUD9QyZQQ8ji9TCKrMMFe2cQ.SPPRus5tLGeUKaAPsGjVXX4GF9Pvb-7RX7hR5B7hfkA&dib_tag=se&keywords=laptop&qid=1753171876&sprefix=%2Caps%2C660&sr=8-32&xpid=yyORC7MGEp591
53,"Acer[SmartChoice Aspire Lite 12thGen Intel Core i5-12450H Premium Laptop(Win11Home/16GB RAM/512GB SSD/IntelUHD Graphics/MSO)AL15-52H, 39.62cm(15.6"") FHD IPS Display,Backlit Keyboard,Pure Silver, 1.7KG","46,990",/sspa/click?ie=UTF8&spc=MTo0NTI3MDc4Mzc3MDE1MTYzOjE3NTMxNzE4NzY6c3BfcGhvbmVfc2VhcmNoX3RoZW1hdGljOjMwMDQ1NjIxNjE0MzAzMjo6MDo6&url=%2FAcer-i5-12450H-Windows11Home-AL15-52H-Keyboard%2Fdp%2FB0DDL495SX%2Fref%3Dsxin_20_pa_sp_phone_search_thematic_sspa%3Fcontent-id%3Damzn1.sym.4443ee66-42b9-40e8-893c-1284ba030b11%253Aamzn1.sym.4443ee66-42b9-40e8-893c-1284ba030b11%26crid%3D23Z9HPBL2JMRH%26cv_ct_cx%3Dlaptop%26keywords%3Dlaptop%26pd_rd_i%3DB0DDL495SX%26pd_rd_r%3D5168ed9a-83da-4bb6-a330-a0645922eb6b%26pd_rd_w%3DtPCDz%26pd_rd_wg%3D7RPXN%26pf_rd_p%3D4443ee66-42b9-40e8-893c-1284ba030b11%26pf_rd_r%3DVM8JP1NM2H5RXZ5SMCCM%26qid%3D1753171876%26sprefix%3D%252Caps%252C660%26sr%3D1-29-2ec22325-1003-449d-8aaf-c0bcc24717ae-spons%26xpid%3DyyORC7MGEp591%26sp_csd%3Dd2lkZ2V0TmFtZT1zcF9waG9uZV9zZWFyY2hfdGhlbWF0aWM%26psc%3D1&sp_cr=DUB
54,"Lenovo Smartchoice LOQ AMD Ryzen 5 7235HS | NVIDIA RTX 3050 6GB (24GB RAM/512GB SSD/15.6"" (39.6cm)/Windows 11/Office Home 2024/100% sRGB/3 Mon. Game Pass/Grey/2.4Kg), 83JC00EFIN Gaming Laptop","68,490",/sspa/click?ie=UTF8&spc=MTo0NTI3MDc4Mzc3MDE1MTYzOjE3NTMxNzE4NzY6c3BfcGhvbmVfc2VhcmNoX3RoZW1hdGljOjMwMDUyNTE2MTc2MzUzMjo6MTo6&url=%2FLenovo-Smartchoice-7235HS-Windows-83JC00EFIN%2Fdp%2FB0DPQG53ZR%2Fref%3Dsxin_20_pa_sp_phone_search_thematic_sspa%3Fcontent-id%3Damzn1.sym.4443ee66-42b9-40e8-893c-1284ba030b11%253Aamzn1.sym.4443ee66-42b9-40e8-893c-1284ba030b11%26crid%3D23Z9HPBL2JMRH%26cv_ct_cx%3Dlaptop%26keywords%3Dlaptop%26pd_rd_i%3DB0DPQG53ZR%26pd_rd_r%3D5168ed9a-83da-4bb6-a330-a0645922eb6b%26pd_rd_w%3DtPCDz%26pd_rd_wg%3D7RPXN%26pf_rd_p%3D4443ee66-42b9-40e8-893c-1284ba030b11%26pf_rd_r%3DVM8JP1NM2H5RXZ5SMCCM%26qid%3D1753171876%26sprefix%3D%252Caps%252C660%26sr%3D1-30-2ec22325-1003-449d-8aaf-c0bcc24717ae-spons%26xpid%3DyyORC7MGEp591%26sp_csd%3Dd2lkZ2V0TmFtZT1zcF9waG9uZV9zZWFyY2hfdGhlbWF0aWM%26psc%3D1&sp_cr=DUB
55,"ASUS Zenbook 14, AMD Ryzen AI 5 340, AI PC(AMD Radeon Graphics/16GB RAM/512GB SSD/3K OLED/14/120Hz/Windows 11/M365 Basic (1Year)*/Office Home 2024/Jade Black/1.2 Kg) UM3406KA-PP240WS","93,990",/sspa/click?ie=UTF8&spc=MToxMDA2MDQyOTY2NzQxMDIwOjE3NTMxNzE4NTQ6c3BfcGhvbmVfc2VhcmNoX3RoZW1hdGljOjMwMDYyMzAxNDMxOTkzMjo6MDo6&url=%2FASUS-Zenbook-Graphics-Windows-UM3406KA-PP240WS%2Fdp%2FB0F9YG6D4C%2Fref%3Dsxin_22_pa_sp_phone_search_thematic_sspa%3Fcontent-id%3Damzn1.sym.aa6ac532-0ea5-4c58-b985-e3c226504699%253Aamzn1.sym.aa6ac532-0ea5-4c58-b985-e3c226504699%26crid%3D23Z9HPBL2JMRH%26cv_ct_cx%3Dlaptop%26keywords%3Dlaptop%26pd_rd_i%3DB0F9YG6D4C%26pd_rd_r%3D903e4b27-a6c6-417f-85a2-277f6a4a6a43%26pd_rd_w%3DsisRL%26pd_rd_wg%3DLHosV%26pf_rd_p%3Daa6ac532-0ea5-4c58-b985-e3c226504699%26pf_rd_r%3D8N8T1TAS2WT6Q6VSQ3VA%26qid%3D1753171854%26sprefix%3D%252Caps%252C660%26sr%3D1-1-66673dcf-083f-43ba-b782-d4a436cc5cfb-spons%26xpid%3DyyORC7MGEp591%26sp_csd%3Dd2lkZ2V0TmFtZT1zcF9waG9uZV9zZWFyY2hfdGhlbWF0aWM%26psc%3D1&sp_cr=DUB
56,"Lenovo LOQ 2024, Intel Core i5-13450HX, 13th Gen, NVIDIA RTX 4050-6GB, 16GB RAM, 512GB SSD, FHD 144Hz, 15.6""/39.6cm, Windows 11, MS Office 21, Grey, 2.4Kg, 83DV007GIN, 1Yr ADP Free Gaming Laptop","86,990",/sspa/click?ie=UTF8&spc=MTo0NTI3MDc4Mzc3MDE1MTYzOjE3NTMxNzE4NzY6c3BfcGhvbmVfc2VhcmNoX3RoZW1hdGljOjMwMDIwNTYyNTM3NTczMjo6Mzo6&url=%2FLenovo-i5-13450HX-300Nits-Graphics-83DV007GIN%2Fdp%2FB0D49W5KZP%2Fref%3Dsxin_20_pa_sp_phone_search_thematic_sspa%3Fcontent-id%3Damzn1.sym.4443ee66-42b9-40e8-893c-1284ba030b11%253Aamzn1.sym.4443ee66-42b9-40e8-893c-1284ba030b11%26crid%3D23Z9HPBL2JMRH%26cv_ct_cx%3Dlaptop%26keywords%3Dlaptop%26pd_rd_i%3DB0D49W5KZP%26pd_rd_r%3D5168ed9a-83da-4bb6-a330-a0645922eb6b%26pd_rd_w%3DtPCDz%26pd_rd_wg%3D7RPXN%26pf_rd_p%3D4443ee66-42b9-40e8-893c-1284ba030b11%26pf_rd_r%3DVM8JP1NM2H5RXZ5SMCCM%26qid%3D1753171876%26sprefix%3D%252Caps%252C660%26sr%3D1-31-2ec22325-1003-449d-8aaf-c0bcc24717ae-spons%26xpid%3DyyORC7MGEp591%26sp_csd%3Dd2lkZ2V0TmFtZT1zcF9waG9uZV9zZWFyY2hfdGhlbWF0aWM%26psc%3D1&sp_cr=DUB
57,"Lenovo Smartchoice LOQ, Intel Core i5-12450HX, 12th Gen, RTX 3050-6GB, 16GB RAM, 512GB SSD, FHD 144Hz 300Nits, 15.6""/39.6cm, Windows 11, MS Office 21, Grey, 2.4Kg, 83GS003UIN, Gaming Laptop","70,990",/sspa/click?ie=UTF8&spc=MTo0NTI3MDc4Mzc3MDE1MTYzOjE3NTMxNzE4NzY6c3BfcGhvbmVfc2VhcmNoX3RoZW1hdGljOjMwMDE2NzA4OTQ1OTMzMjo6NDo6&url=%2FLenovo-Smartchoice-i5-12450HX-Graphics-83GS003UIN%2Fdp%2FB0CX8XPKWJ%2Fref%3Dsxin_20_pa_sp_phone_search_thematic_sspa%3Fcontent-id%3Damzn1.sym.4443ee66-42b9-40e8-893c-1284ba030b11%253Aamzn1.sym.4443ee66-42b9-40e8-893c-1284ba030b11%26crid%3D23Z9HPBL2JMRH%26cv_ct_cx%3Dlaptop%26keywords%3Dlaptop%26pd_rd_i%3DB0CX8XPKWJ%26pd_rd_r%3D5168ed9a-83da-4bb6-a330-a0645922eb6b%26pd_rd_w%3DtPCDz%26pd_rd_wg%3D7RPXN%26pf_rd_p%3D4443ee66-42b9-40e8-893c-1284ba030b11%26pf_rd_r%3DVM8JP1NM2H5RXZ5SMCCM%26qid%3D1753171876%26sprefix%3D%252Caps%252C660%26sr%3D1-32-2ec22325-1003-449d-8aaf-c0bcc24717ae-spons%26xpid%3DyyORC7MGEp591%26sp_csd%3Dd2lkZ2V0TmFtZT1zcF9waG9uZV9zZWFyY2hfdGhlbWF0aWM%26psc%3D1&sp_cr=DUB
58,"HP 255 G10, AMD Ryzen 3 7320U Quad Core -(8 GB/512 GB SSD/AMD Radeon Graphics) Thin and Light Business Laptop/15.6"" HD Display/Turbo Silver/1.5 kg","26,490",/HP-Radeon-Graphics-Business-Display/dp/B0F6TJ164J/ref=mp_s_a_1_33?crid=23Z9HPBL2JMRH&dib=eyJ2IjoiMSJ9.uiiTR60en6hzM22NwKkmLYF0Cfp-CuojH5IrpKY7_BIWz1dna8SC23zoGBBgVeu5KoI3aUi0xiYqzlzoNX0OX99Qv9j82xsqwluAhveZsTyIj5fcW9colUNbIIJL4EVaU-kxf1Fp0AI_5pH0yftslbz2GXfc6AIzzxmJr7H5MX7LBQrzjMGMABs4zKmq7UWUD9QyZQQ8ji9TCKrMMFe2cQ.SPPRus5tLGeUKaAPsGjVXX4GF9Pvb-7RX7hR5B7hfkA&dib_tag=se&keywords=laptop&qid=1753171876&sprefix=%2Caps%2C660&sr=8-33&xpid=yyORC7MGEp591
59,"HP Professional 15, 5th Gen Intel Core Celeron-N4500 Turbo Boost, 2GB DDR4, 128GB SSD, Business Laptop","22,070",/HP-Professional-Celeron-N4500-Business-Laptop/dp/B0FCD9LKLZ/ref=mp_s_a_1_34?crid=23Z9HPBL2JMRH&dib=eyJ2IjoiMSJ9.uiiTR60en6hzM22NwKkmLYF0Cfp-CuojH5IrpKY7_BIWz1dna8SC23zoGBBgVeu5KoI3aUi0xiYqzlzoNX0OX99Qv9j82xsqwluAhveZsTyIj5fcW9colUNbIIJL4EVaU-kxf1Fp0AI_5pH0yftslbz2GXfc6AIzzxmJr7H5MX7LBQrzjMGMABs4zKmq7UWUD9QyZQQ8ji9TCKrMMFe2cQ.SPPRus5tLGeUKaAPsGjVXX4GF9Pvb-7RX7hR5B7hfkA&dib_tag=se&keywords=laptop&qid=1753171876&sprefix=%2Caps%2C660&sr=8-34&xpid=yyORC7MGEp591
60,"HP 15, 13th Gen Intel Core i3-1315U Laptop (8GB DDR4, 512GB SSD) Anti-Glare, Micro-Edge, 15.6""/39.6cm, FHD, Win 11, MSO 21, Silver, 1.59kg, Intel UHD Graphics, 1080p FHD Camera, 15-fd0006TU/fd0186tu","35,890",/HP-i3-1315U-Anti-Glare-Micro-Edge-Graphics/dp/B0D2KDCWJL/ref=mp_s_a_1_35?crid=23Z9HPBL2JMRH&dib=eyJ2IjoiMSJ9.uiiTR60en6hzM22NwKkmLYF0Cfp-CuojH5IrpKY7_BIWz1dna8SC23zoGBBgVeu5KoI3aUi0xiYqzlzoNX0OX99Qv9j82xsqwluAhveZsTyIj5fcW9colUNbIIJL4EVaU-kxf1Fp0AI_5pH0yftslbz2GXfc6AIzzxmJr7H5MX7LBQrzjMGMABs4zKmq7UWUD9QyZQQ8ji9TCKrMMFe2cQ.SPPRus5tLGeUKaAPsGjVXX4GF9Pvb-7RX7hR5B7hfkA&dib_tag=se&keywords=laptop&qid=1753171876&sprefix=%2Caps%2C660&sr=8-35&xpid=yyORC7MGEp591
61,"ASUS Vivobook 15,13th Gen,Intel Core i5-13420H(Intel UHD iGPU/16GB RAM/512GB SSD/FHD/15.6""/60Hz/Backlit Keyboard/Windows 11/M365 Basic (1Year)*/Office Home 2024/Quiet Blue/1.70 kg) X1502VA-BQ836WS","52,990",/ASUS-Vivobook-i5-13420H-Keyboard-X1502VA-BQ836WS/dp/B0DTYKLHYC/ref=mp_s_a_1_36?crid=23Z9HPBL2JMRH&dib=eyJ2IjoiMSJ9.uiiTR60en6hzM22NwKkmLYF0Cfp-CuojH5IrpKY7_BIWz1dna8SC23zoGBBgVeu5KoI3aUi0xiYqzlzoNX0OX99Qv9j82xsqwluAhveZsTyIj5fcW9colUNbIIJL4EVaU-kxf1Fp0AI_5pH0yftslbz2GXfc6AIzzxmJr7H5MX7LBQrzjMGMABs4zKmq7UWUD9QyZQQ8ji9TCKrMMFe2cQ.SPPRus5tLGeUKaAPsGjVXX4GF9Pvb-7RX7hR5B7hfkA&dib_tag=se&keywords=laptop&qid=1753171876&sprefix=%2Caps%2C660&sr=8-36&xpid=yyORC7MGEp591
62,"ASUS Vivobook 15,13th Gen,Intel Core i7-13620H(Intel UHD iGPU/16GB RAM/512GB SSD/FHD/15.6""/60Hz/Backlit Keyboard/Windows 11/M365 Basic (1Year)*/Office Home 2024/Quiet Blue/1.70 kg) X1502VA-BQ838WS","61,990",/sspa/click?ie=UTF8&spc=MTo0NDU4Mzc4NTQ5NDMyNzQ0OjE3NTMxNzE4NzY6c3BfcGhvbmVfc2VhcmNoX210ZjozMDA2MTk1MDkzMTk3MzI6OjA6Og&url=%2FASUS-Vivobook-i7-13620H-Keyboard-X1502VA-BQ838WS%2Fdp%2FB0DYDZQYKP%2Fref%3Dmp_s_a_1_37_sspa%3Fcrid%3D23Z9HPBL2JMRH%26dib%3DeyJ2IjoiMSJ9.uiiTR60en6hzM22NwKkmLYF0Cfp-CuojH5IrpKY7_BIWz1dna8SC23zoGBBgVeu5KoI3aUi0xiYqzlzoNX0OX99Qv9j82xsqwluAhveZsTyIj5fcW9colUNbIIJL4EVaU-kxf1Fp0AI_5pH0yftslbz2GXfc6AIzzxmJr7H5MX7LBQrzjMGMABs4zKmq7UWUD9QyZQQ8ji9TCKrMMFe2cQ.SPPRus5tLGeUKaAPsGjVXX4GF9Pvb-7RX7hR5B7hfkA%26dib_tag%3Dse%26keywords%3Dlaptop%26qid%3D1753171876%26sprefix%3D%252Caps%252C660%26sr%3D8-37-spons%26xpid%3DyyORC7MGEp591%26sp_csd%3Dd2lkZ2V0TmFtZT1zcF9waG9uZV9zZWFyY2hfbXRm%26psc%3D1&sp_cr=DUB
63,"ASUS ProArt PX13,AMD AMD Ryzen AI 9 365 Creator/Gaming Laptop(NVIDIA RTX 4050-6GB/24GB RAM/1TB SSD/3K OLED Touch Screen/13.3""/60Hz/73WHr/Windows 11/Office 2021/Nano Black/1.13 kg) HN7306WU-LX001WS","1,59,990",/sspa/click?ie=UTF8&spc=MTo0NDU4Mzc4NTQ5NDMyNzQ0OjE3NTMxNzE4NzY6c3BfcGhvbmVfc2VhcmNoX210ZjozMDA1NDg0NTU4NDc1MzI6OjA6Og&url=%2FASUSProArt-Creator-GeForce-Windows-HN7306WU-LX001WS%2Fdp%2FB0DBLQ8S88%2Fref%3Dmp_s_a_1_38_sspa%3Fcrid%3D23Z9HPBL2JMRH%26dib%3DeyJ2IjoiMSJ9.uiiTR60en6hzM22NwKkmLYF0Cfp-CuojH5IrpKY7_BIWz1dna8SC23zoGBBgVeu5KoI3aUi0xiYqzlzoNX0OX99Qv9j82xsqwluAhveZsTyIj5fcW9colUNbIIJL4EVaU-kxf1Fp0AI_5pH0yftslbz2GXfc6AIzzxmJr7H5MX7LBQrzjMGMABs4zKmq7UWUD9QyZQQ8ji9TCKrMMFe2cQ.SPPRus5tLGeUKaAPsGjVXX4GF9Pvb-7RX7hR5B7hfkA%26dib_tag%3Dse%26keywords%3Dlaptop%26qid%3D1753171876%26sprefix%3D%252Caps%252C660%26sr%3D8-38-spons%26xpid%3DyyORC7MGEp591%26sp_csd%3Dd2lkZ2V0TmFtZT1zcF9waG9uZV9zZWFyY2hfbXRm%26psc%3D1&sp_cr=DUB
64,"Dyazo 6 Angles Adjustable Aluminum Ergonomic Foldable Portable Tabletop Laptop/Desktop Riser Stand Holder Compatible for MacBook, HP, Dell, Lenovo & All Other Notebook (Silver)",379,/Dyazo-Computer-Adjustable-Ergonomic-Compatible/dp/B08LHTJTBB/ref=mp_s_a_1_39?crid=23Z9HPBL2JMRH&dib=eyJ2IjoiMSJ9.uiiTR60en6hzM22NwKkmLYF0Cfp-CuojH5IrpKY7_BIWz1dna8SC23zoGBBgVeu5KoI3aUi0xiYqzlzoNX0OX99Qv9j82xsqwluAhveZsTyIj5fcW9colUNbIIJL4EVaU-kxf1Fp0AI_5pH0yftslbz2GXfc6AIzzxmJr7H5MX7LBQrzjMGMABs4zKmq7UWUD9QyZQQ8ji9TCKrMMFe2cQ.SPPRus5tLGeUKaAPsGjVXX4GF9Pvb-7RX7hR5B7hfkA&dib_tag=se&keywords=laptop&qid=1753171876&sprefix=%2Caps%2C660&sr=8-39&xpid=yyORC7MGEp591
65,"beAAtho® Verona Mesh Mid-Back Ergonomic Desk Office Chair with Tilting Mechanism, Comfortable Seat, and Revolving Heavy Duty Metal Base | Ideal for Work from Home & Study (Black)","3,598",https://aax-eu.amazon.in/x/c/JNCMeDtaA0vOsiLSZ7aFcBkAAAGYMS_bUwMAAAH2AQBvbm9fdHhuX2JpZDMgICBvbm9fdHhuX2ltcDIgICDxGh8R/clv1_CEuOPUxokZA0iHrVAsY9nwWJR1xAAuQklYsl8yCNyfxa8X9LyiC5Fv018HHz9hvVjq0yzpNb3X7OfU1RAmcAX2lzawbIEebIQx8cR11TTUemIplThEfB8IkGXCRTU-W6XJfef1D8rsFSE0M9llvwdksJOldODd93Q196UuYlQRaY37qDjF4oXlv5OpjsdqwyCjQHbdXAhZRSWWhBJNwAffQdjs-hn4wsEjvWNPQG9gUahJtJn6j8Z0wG3nKH1EB2AHnpPv3v4jxS3xU_LeksSii7JV-zjAz9B7yl_bPrUYAZJ0SW56eH2BSUey3sHNaF6qMI9rlScfb0pcbiPsOXA8NNy99wUhkPlI8C-9FHE6Fj0W5fDGi7yyidoLYoUBibYyx9qnqAwUQnhinFOJGQaFdhRZzXuNdUWekbGEVr5yp2N7x1hxpbFTt6_ZtQIVQjGYWURtXE4M2WYj0fYwqXp5k5RHmyoBqWXwRyXIlzu-6HH3FT4s6H-wHLa21DI5WXvtFS_CF8CoIymgGwjQSZ6zz9CBRvUEkOcgmDU2TPNZf2bSaWBD9t80ENAnfyX2DZEaVnuuFlcRCdkrZw8dwGIyffMSBcrRFM49kMurj5gHo1hoWBxbIZR1XV_iKvQvOINUlneNcPMzxyyep3CK0Tnm89pYDmMBZaRltdiflQj6spBE4QQwO8s20w-hbxbuZ-_j8x5l1X1fo4ye0GDlGjN34hpYbYE_rE8ZiaAV8mGyfBshXDbPdr8BJm-NIGG4Cpvf5vKwPIpG7x7xLCM3TuASh2rzfNL3VYn-NgSMUsZBWi21ogFNBtg2Bls6eKUmO6cPi6TAh4gwHLv9NeX-FWp7CDnHMytveGL76Xr9Gkikiz-TzB7lMUzgns0G-7mmbKo9kGq9oEngDBDssBd7QNM86qxMK_0AhnMyIzMjiRtifj0WlEJkx7RHA0AjLI9mWUpw3kRuvmvYeHiOPp4TC4aq9ta8ODXajsxUOAcgNOaeAIYg1PYWpbeYWP0jz9PXoWICOExbl1gSs0UaYa97O-6yZF3SpqNrK_jXJh_INftCllbGi0aNHxPzHeYqF8JIhjaUu7S5rsCDkBLLmzWMCAlcLAXxKFlJhwW-IaCDhJOY2eKnaSXNxyrQMeDYWvuvXMvucDe9PAgjkBJe9BpAcGanx8XMbpOGjRPY0TgL3Cq76y10eT6Suu0bMr1iRVYMsKF1CqCHjs0UOEZSEzln_ZIvOz8vNhmalAxQS107EdcFjTEEY-R3uKykOc0CAvC7zzIo06oP6QZkj5FL1SYZ8Ro2oPwpEktb-14SCtpmCVZ8rZYetKTP-GyPYCrgOTroEzTrQ-Wim7x2LNmvwaDXY80J707fsh539obJxbBdkPs6AQh262A2izsNOzDU-vL4tROD6OZVqKWBmnfBE9V5uxT4WvgBPxDVVH9YdR9czp-lZpTVFL94IDHLcTNQTWFRqrqAQTNxz2r4u2uyXNJhr0cQXq5DrsU88Ly6Jw9e8Y7ksmkEDDJX26AHFc24g_udCO1FDhdBRvaPJYEIPsX_9iIA32mOzDHkKwYVLaJv0HseCQ6syd5KCMUb0xFd5YtOhdJ9f7E0LG05-nda3eeXoTVnVl_Nbz9p0j8bPX-FT9y9eXNlXib1bxoikP421NZpyNWQrREUHrw7E5aXuBqiZL_IYvGA_oW1YWFYhvlsgNDPr3D9wolLHvekIG0M7inqe3iOh1Q_enkylzp2i9t7oGIBe2yihkryaWqblMPw2LwlSA2vjW--URXZMFxFzKBNwShbYR7Qm7oY0lIslbRK955G8OMvLZw2Hqetj3GTP3tbaeKMaJx5lo0u0vffGYhvtful98UdxZMrY0p-TGCkecOYy0s7FoWNiodPFQWkRrqBc1zInmBbfvnHkge5XcxPUCu9Hwfih7m8OS6zRuEC3uL_OdxiBhpPlxNyIfODJS19jJjK_SSPiT0CzSMp82eFSzAE4a5hL5eNHMipyYEPvHZxiAwJsRbTvdDLIjZxrcAPWlYmMSddm7QoLSwxz5s3shG91_IVlPVJoPqkp8g-KGs87-yeVgfMf9G7MrYpxxGqsbzIBAN0ZPOKd98FwUIp6N53wcKH1VNfO_F13KLDbiO2kuNb6a85PgPaRaESVm3ZXZcKNaWRrBWokoircri3j5fWFlQ0pDRB5ZVDjvBnEDkIeuKoRd2Fzx/https://www.amazon.in/beAAtho%C2%AE-Mesh-Ergonomic-Adjustable-Mechanism/dp/B093CMF5X8/ref=sxin_29_sbv_search_btf?content-id=amzn1.sym.7f7d38d5-0d34-4957-ad30-7a71da6e249f%3Aamzn1.sym.7f7d38d5-0d34-4957-ad30-7a71da6e249f&crid=23Z9HPBL2JMRH&cv_ct_cx=laptop&keywords=laptop&pd_rd_i=B093CMF5X8&pd_rd_r=5168ed9a-83da-4bb6-a330-a0645922eb6b&pd_rd_w=9IfoB&pd_rd_wg=7RPXN&pf_rd_p=7f7d38d5-0d34-4957-ad30-7a71da6e249f&pf_rd_r=VM8JP1NM2H5RXZ5SMCCM&qid=1753171876&sbo=RZvfv%2F%2FHxDF%2BO5021pAnSA%3D%3D&sprefix=%2Caps%2C660&sr=1-29-cafa6795-5f85-4255-8de0-b872419901ca&xpid=yyORC7MGEp591
66,"Samsung Galaxy Book4 (Gray, 16GB RAM, 512GB SSD) | 15.6"" Full HD Screen | Intel Core i5 1335U Processor | Windows 11 Home | MS Office 2021 | Fingerprint Reader | Intel Iris XE Graphics | RJ45 LAN Port","54,399",/sspa/click?ie=UTF8&spc=MToxMDA2MDQyOTY2NzQxMDIwOjE3NTMxNzE4NTQ6c3BfcGhvbmVfc2VhcmNoX3RoZW1hdGljOjMwMDYyMjE5Mzk5NzczMjo6MTo6&url=%2FSamsung-Processor-Windows-Fingerprint-Graphics%2Fdp%2FB0D143SJ9R%2Fref%3Dsxin_22_pa_sp_phone_search_thematic_sspa%3Fcontent-id%3Damzn1.sym.aa6ac532-0ea5-4c58-b985-e3c226504699%253Aamzn1.sym.aa6ac532-0ea5-4c58-b985-e3c226504699%26crid%3D23Z9HPBL2JMRH%26cv_ct_cx%3Dlaptop%26keywords%3Dlaptop%26pd_rd_i%3DB0D143SJ9R%26pd_rd_r%3D903e4b27-a6c6-417f-85a2-277f6a4a6a43%26pd_rd_w%3DsisRL%26pd_rd_wg%3DLHosV%26pf_rd_p%3Daa6ac532-0ea5-4c58-b985-e3c226504699%26pf_rd_r%3D8N8T1TAS2WT6Q6VSQ3VA%26qid%3D1753171854%26sprefix%3D%252Caps%252C660%26sr%3D1-2-66673dcf-083f-43ba-b782-d4a436cc5cfb-spons%26xpid%3DyyORC7MGEp591%26sp_csd%3Dd2lkZ2V0TmFtZT1zcF9waG9uZV9zZWFyY2hfdGhlbWF0aWM%26psc%3D1&sp_cr=DUB
67,"Dell Inspiron 3530 Thin & Light Laptop, 13th Gen Intel Core i3-1305U/8GB/512GB SSD/15.6"" (39.62cm) 120Hz Refresh Rate on a FHD IPS Display/Windows 11 + MSO'21+McAfee 15 Month/Carbon Black/1.62kg","37,886",/Dell-Inspiron-3530-i3-1305U-Comfortview/dp/B0C4ZM63RP/ref=mp_s_a_1_40?crid=23Z9HPBL2JMRH&dib=eyJ2IjoiMSJ9.uiiTR60en6hzM22NwKkmLYF0Cfp-CuojH5IrpKY7_BIWz1dna8SC23zoGBBgVeu5KoI3aUi0xiYqzlzoNX0OX99Qv9j82xsqwluAhveZsTyIj5fcW9colUNbIIJL4EVaU-kxf1Fp0AI_5pH0yftslbz2GXfc6AIzzxmJr7H5MX7LBQrzjMGMABs4zKmq7UWUD9QyZQQ8ji9TCKrMMFe2cQ.SPPRus5tLGeUKaAPsGjVXX4GF9Pvb-7RX7hR5B7hfkA&dib_tag=se&keywords=laptop&qid=1753171876&sprefix=%2Caps%2C660&sr=8-40&xpid=yyORC7MGEp591
68,"ASUS Vivobook 15,13th Gen,Intel Core i5-13420H(Intel UHD iGPU/16GB RAM/512GB SSD/FHD/15.6""/60Hz/Backlit Keyboard/Windows 11/M365 Basic (1Year)*/Office Home 2024/Cool Silver/1.70 kg) X1502VA-BQ835WS","52,990",/ASUS-Vivobook-i5-13420H-Keyboard-X1502VA-BQ835WS/dp/B0DTYHD5D1/ref=mp_s_a_1_41?crid=23Z9HPBL2JMRH&dib=eyJ2IjoiMSJ9.uiiTR60en6hzM22NwKkmLYF0Cfp-CuojH5IrpKY7_BIWz1dna8SC23zoGBBgVeu5KoI3aUi0xiYqzlzoNX0OX99Qv9j82xsqwluAhveZsTyIj5fcW9colUNbIIJL4EVaU-kxf1Fp0AI_5pH0yftslbz2GXfc6AIzzxmJr7H5MX7LBQrzjMGMABs4zKmq7UWUD9QyZQQ8ji9TCKrMMFe2cQ.SPPRus5tLGeUKaAPsGjVXX4GF9Pvb-7RX7hR5B7hfkA&dib_tag=se&keywords=laptop&qid=1753171876&sprefix=%2Caps%2C660&sr=8-41&xpid=yyORC7MGEp591
69,"Dyazo Water Resistant Laptop Sleeve/Laptop case/laptop cover with Handle Compatible for 15 Inch to 15.6"" Inches laptops & Notebooks - Grey",299,/Dyazo-Resistant-Compatible-laptops-Notebooks/dp/B09BFV96TS/ref=mp_s_a_1_42?crid=23Z9HPBL2JMRH&dib=eyJ2IjoiMSJ9.uiiTR60en6hzM22NwKkmLYF0Cfp-CuojH5IrpKY7_BIWz1dna8SC23zoGBBgVeu5KoI3aUi0xiYqzlzoNX0OX99Qv9j82xsqwluAhveZsTyIj5fcW9colUNbIIJL4EVaU-kxf1Fp0AI_5pH0yftslbz2GXfc6AIzzxmJr7H5MX7LBQrzjMGMABs4zKmq7UWUD9QyZQQ8ji9TCKrMMFe2cQ.SPPRus5tLGeUKaAPsGjVXX4GF9Pvb-7RX7hR5B7hfkA&dib_tag=se&keywords=laptop&qid=1753171876&sprefix=%2Caps%2C660&sr=8-42&xpid=yyORC7MGEp591
70,"HP 15, 13th Gen Intel Core i3-1315U Laptop (8GB DDR4,512GB SSD) Anti-Glare, Micro-Edge,15.6''/39.6cm, FHD, Win11,M365 Basic(1yr),Office Home24, Silver,1.59kg, FHD Camera w/Privacy Shutter, fd0569TU","34,999",/HP-i3-1315U-Anti-Glare-Micro-Edge-fd0569TU/dp/B0F4R5W1NC/ref=mp_s_a_1_43?crid=23Z9HPBL2JMRH&dib=eyJ2IjoiMSJ9.uiiTR60en6hzM22NwKkmLYF0Cfp-CuojH5IrpKY7_BIWz1dna8SC23zoGBBgVeu5KoI3aUi0xiYqzlzoNX0OX99Qv9j82xsqwluAhveZsTyIj5fcW9colUNbIIJL4EVaU-kxf1Fp0AI_5pH0yftslbz2GXfc6AIzzxmJr7H5MX7LBQrzjMGMABs4zKmq7UWUD9QyZQQ8ji9TCKrMMFe2cQ.SPPRus5tLGeUKaAPsGjVXX4GF9Pvb-7RX7hR5B7hfkA&dib_tag=se&keywords=laptop&qid=1753171876&sprefix=%2Caps%2C660&sr=8-43&xpid=yyORC7MGEp591
71,"ASUS Vivobook 15, Intel Core i3-1315U 13th Gen, 15.6"" (39.62 cms) FHD, Thin and Light Laptop (8GB RAM/512GB SSD/Win11/MS Office/Backlit Keyboard/Silver/1.7 kg), X1504VA-NJ320WS","34,990",/ASUS-Vivobook-i3-1315U-Integrated-X1504VA-NJ320WS/dp/B0CYTD8DVF/ref=mp_s_a_1_44?crid=23Z9HPBL2JMRH&dib=eyJ2IjoiMSJ9.uiiTR60en6hzM22NwKkmLYF0Cfp-CuojH5IrpKY7_BIWz1dna8SC23zoGBBgVeu5KoI3aUi0xiYqzlzoNX0OX99Qv9j82xsqwluAhveZsTyIj5fcW9colUNbIIJL4EVaU-kxf1Fp0AI_5pH0yftslbz2GXfc6AIzzxmJr7H5MX7LBQrzjMGMABs4zKmq7UWUD9QyZQQ8ji9TCKrMMFe2cQ.SPPRus5tLGeUKaAPsGjVXX4GF9Pvb-7RX7hR5B7hfkA&dib_tag=se&keywords=laptop&qid=1753171876&sprefix=%2Caps%2C660&sr=8-44&xpid=yyORC7MGEp591
72,"Lenovo IdeaPad Slim 3 Ryzen 5 5625U 15.6"" (39.6cm) FHD Thin and Light Laptop (16GB RAM/512GB SSD/Integrated AMD Radeon Graphics/Windows 11/Office Home 2024/Grey/1.6Kg), 82XM00QDIN","41,215",/Lenovo-IdeaPad-Integrated-Graphics-82XM00QDIN/dp/B0F18LK3FB/ref=mp_s_a_1_45?crid=23Z9HPBL2JMRH&dib=eyJ2IjoiMSJ9.uiiTR60en6hzM22NwKkmLYF0Cfp-CuojH5IrpKY7_BIWz1dna8SC23zoGBBgVeu5KoI3aUi0xiYqzlzoNX0OX99Qv9j82xsqwluAhveZsTyIj5fcW9colUNbIIJL4EVaU-kxf1Fp0AI_5pH0yftslbz2GXfc6AIzzxmJr7H5MX7LBQrzjMGMABs4zKmq7UWUD9QyZQQ8ji9TCKrMMFe2cQ.SPPRus5tLGeUKaAPsGjVXX4GF9Pvb-7RX7hR5B7hfkA&dib_tag=se&keywords=laptop&qid=1753171876&sprefix=%2Caps%2C660&sr=8-45&xpid=yyORC7MGEp591
73,"HP 15, 13th Gen Intel Core i3-1315U (12GB DDR4, 512GB SSD) FHD, Anti-Glare, Micro-Edge, 15.6''/39.6cm, Win11, M365 Basic(1yr)* Office24, Silver, 1.59kg, fd0573TU, FHD Camera w/Shutter Laptop","38,490",/sspa/click?ie=UTF8&spc=MTo0NDU4Mzc4NTQ5NDMyNzQ0OjE3NTMxNzE4NzY6c3BfcGhvbmVfc2VhcmNoX2J0ZjozMDA2MTkyMzQzNTI4MzI6OjA6Og&url=%2FHP-i3-1315U-Anti-Glare-Micro-Edge-fd0573TU%2Fdp%2FB0F4R3GFMQ%2Fref%3Dmp_s_a_1_46_sspa%3Fcrid%3D23Z9HPBL2JMRH%26dib%3DeyJ2IjoiMSJ9.uiiTR60en6hzM22NwKkmLYF0Cfp-CuojH5IrpKY7_BIWz1dna8SC23zoGBBgVeu5KoI3aUi0xiYqzlzoNX0OX99Qv9j82xsqwluAhveZsTyIj5fcW9colUNbIIJL4EVaU-kxf1Fp0AI_5pH0yftslbz2GXfc6AIzzxmJr7H5MX7LBQrzjMGMABs4zKmq7UWUD9QyZQQ8ji9TCKrMMFe2cQ.SPPRus5tLGeUKaAPsGjVXX4GF9Pvb-7RX7hR5B7hfkA%26dib_tag%3Dse%26keywords%3Dlaptop%26qid%3D1753171876%26sprefix%3D%252Caps%252C660%26sr%3D8-46-spons%26xpid%3DyyORC7MGEp591%26sp_csd%3Dd2lkZ2V0TmFtZT1zcF9waG9uZV9zZWFyY2hfYnRm%26psc%3D1&sp_cr=DUB
74,"ASUS Vivobook 15,13th Gen,Intel Core i5-13420H(Intel UHD iGPU/16GB RAM/512GB SSD/FHD/15.6""/60Hz/Backlit Keyboard/Windows 11/M365 Basic (1Year)*/Office Home 2024/Quiet Blue/1.70 kg) X1502VA-BQ836WS","52,990",/sspa/click?ie=UTF8&spc=MTo0NDU4Mzc4NTQ5NDMyNzQ0OjE3NTMxNzE4NzY6c3BfcGhvbmVfc2VhcmNoX2J0ZjozMDA1NDk3NzcwMDg0MzI6OjA6Og&url=%2FASUS-Vivobook-i5-13420H-Keyboard-X1502VA-BQ836WS%2Fdp%2FB0DTYKLHYC%2Fref%3Dmp_s_a_1_47_sspa%3Fcrid%3D23Z9HPBL2JMRH%26dib%3DeyJ2IjoiMSJ9.uiiTR60en6hzM22NwKkmLYF0Cfp-CuojH5IrpKY7_BIWz1dna8SC23zoGBBgVeu5KoI3aUi0xiYqzlzoNX0OX99Qv9j82xsqwluAhveZsTyIj5fcW9colUNbIIJL4EVaU-kxf1Fp0AI_5pH0yftslbz2GXfc6AIzzxmJr7H5MX7LBQrzjMGMABs4zKmq7UWUD9QyZQQ8ji9TCKrMMFe2cQ.SPPRus5tLGeUKaAPsGjVXX4GF9Pvb-7RX7hR5B7hfkA%26dib_tag%3Dse%26keywords%3Dlaptop%26qid%3D1753171876%26sprefix%3D%252Caps%252C660%26sr%3D8-47-spons%26xpid%3DyyORC7MGEp591%26sp_csd%3Dd2lkZ2V0TmFtZT1zcF9waG9uZV9zZWFyY2hfYnRm%26psc%3D1&sp_cr=DUB
75,"Comfyable Puffy Laptop Sleeve 13 Inch 14 Inch, Quilted Puffer Laptop Carrying Case for Women, Pillow Case Compatible for MacBook Air M4 M3 M2 M1, MacBook Pro 13 Inch 14 Inch, 13 in 14 in Cover","2,799",https://aax-eu.amazon.in/x/c/JPzafFr5ZgZLRuFj6YvmDU0AAAGYMS_bTAMAAAH2AQBvbm9fdHhuX2JpZDEgICBvbm9fdHhuX2ltcDEgICCucUIY/clv1_CEuOPUxokZA0iHrVHME1kx3ORHVRUaYa6Kg_7T3PxsVJ8X9DyiC5Fv018HHz9hvVjq0yzpNb3X7OfU0OAmcAQW57Zx6PEs_ZEF0iOn5JU1rkLaBAhEfB8IkGXCQMUuW6XJfef1D8rsFSE0M9llvwdksJOldODd93Q196UuYlQRaY37qDjF4oXlv5OpjsdqwyCjQHbdXAhZRSWWhBJNwAffQdjs-hn4wsEjvWNPQG9gUahJtJn6j8Z0wG3nKH1EB2AHnpPv3v4jxS3xU_LeksSii7JV-zjAz9B7yl_bPrUYAZJ0SW56eH2BSUeyzCRZWE6f9C9s4xZtiDrbv_IPWNAup0yd5LAwQPlI8C-9FHE6Fj0W5fDGy7yyiRpbY4UFOaYzQxqmqAj0UNuzT-N52bUz1lAp3XhtVXPtM6C2xN4Sp2M752rihBP2dM-J0mRnMYGeGRQNXmq8-WXy4dCTTLqaFKWEG2vEWUYQR5WaRd-NWXKXNt_6mgwAGvbmtDCZqWruxXwzFGQ7gKsD6IjWaG7T_YVikdbVAMGxW6ag_TZobfVH2VPgFkyiAgEmbfV3nbEqkjvOAjexablbx0quUMJgjQOzBmuS5DicEMuN2sg0sJuI2Q7ItMVnzd8SK_Rr6dNl0ib9ccJD9czrB0bq0SnRk-_IPmGU5NeF8Qn8RYwr4pGE8TUxiisEMovxXcduBp_Swj8V1Yw-1gyrYRME2jN0AxppLYB_rTz5yZAU8DCzDvi0rBQ8lx5Bdb69NzWsaer6dxKxz283_Y1kfTGn_6EAJHvybgK3le9P9zS6E0XBat10kYY-5euz9ttp-xc2m8dv-wZgtk3wbumc9gav1NnbW9hmc3i_SGSsmUlcGOlHDqgknG2FMB9jOXj1KupDndjOQlrON7rhHrP9sQWccCMfSi2sGFoxNUGwQoOSrmtCGHsix4I3IkRElNRzDk4n-VsxW-Rvv24YWxlP_puAqqYbt2PsS9f-Lu60eCcS18IuIYSARadmlCeJH0zzz9YGMtHCOB_5FQ3D4dWeca55W-6TZNlSlqIvy_nW4g6oRY7wR0SUOPUoSrDAi9d4xBfo13QFP-XqCSShUWBraZWJmdk8PYSina655_L_YJC10yPoq4Km6SXdhFrFxtBKiCufTiuNEZbPrLhxYsD-BrpF4bbH4bTcHBKGHhLadTi73e94WgsB2t-Uj11oY3ihxtRfEcJUOzHXjdhEepHzkmiELcG4eZ6clbga531Sqo7sZyNljcbw8LI3OK8W6fliAFG6zZeqgkoeqidkv9XalCW70Xo1kD3JNAg5-Bi1u7mmWOZOTdT-tKS8bF4Pg_rwqc89wyEoUddyqV0nPjq7wmDkcm6I-67u0a6HpqeOALDs9wvIsVxkerAk22mPioDk-9QO1oLDnUaSiOcQT8QhE9VY-CU9qKhTyEKG9_nosQ9cOS-ldyVhdzqPETNu82JRX-Jyic8hQ-BB7Uh4O4gjbgODfxQHDy5zyYYdA5_qIsz4o95E0islT-JVCzAmFu15gKn8G_rlzudHJrd8gzEInQceAANG3EjcfpPGmzC1aCHY857su015Sj2rSEQodhCd4Hiq5eTeX7Dij8wp6maf_OIEQfQwFU7NbW_YMa7qfdwnnmkey9TQ3hCjGtmgcLqVRZGoG3XRXfFkHr3Y82aX-AvHtK_Z0sRSH7L1IXAa5sq-IBRNWSD8IuvbXoTHsSyua5sPSdod4teai36SlitDShiq0dDyXp2wNeoCy8qdZLATSl0Gn1pbHp-dsqXqZ330n8JcIpmqYR_ja4o4RUD61FRa8T02kKTe3e4ULhRvn_Kyf49p3ANMe-0-Uz1e0sI_C5jfp0gCckfPJkBaVojdr1BFvuMeuoiaR4duKYeJsBSh5whS9fkYn1N6_onH4JI6et6YUFkOPIeAZCsMOQiBJHeDbxJs2vkxNx3vMIUpPOvbMdsXw1DxFnxq3ifaYHzTfAKkB5-oe8eSMVDvCY5o-5V4vOA0SG1Mx5OhLmgkCv82mppxUc4tjTXqwfpypRKO7T5-7A5V2gKdAoRvBVpkgn16CG7pe81rAoIpnjTOt2Z5ZmQ-Nfz5RKKUIXfeBy2HM4FImR8HV0JFJ1GtP1IH6ADH75NG9vCYmi3YyCYrtMzEdRGubmHdZqSnKIP-IfqK4Rqlu8WiN3pw0WHzAaUVCeKB754Su-K6yTkwkpnEYAaPiaL8xUV7HgJND6JfZWCXc2f3ED_vloYsqeyrK2XM-jb9EnWzjkpBVdG8Q/https://www.amazon.in/Comfyable-Quilted-Carrying-Compatible-MacBook/dp/B0BWRPRL9T/ref=sxbs_sbv_search_btf?content-id=amzn1.sym.b00d863e-6d8f-4eaf-98cc-61175157a359%3Aamzn1.sym.b00d863e-6d8f-4eaf-98cc-61175157a359&crid=23Z9HPBL2JMRH&cv_ct_cx=laptop&keywords=laptop&pd_rd_i=B0BWRPRL9T&pd_rd_r=38ee1714-2e9c-4840-ae91-cb120a295e7f&pd_rd_w=OXD5I&pd_rd_wg=wg2tL&pf_rd_p=b00d863e-6d8f-4eaf-98cc-61175157a359&pf_rd_r=VM8JP1NM2H5RXZ5SMCCM&qid=1753171876&sbo=RZvfv%2F%2FHxDF%2BO5021pAnSA%3D%3D&sprefix=%2Caps%2C660&sr=1-29-82999452-c953-4f9e-98a2-9c16001f5992&xpid=yyORC7MGEp591
76,"Lenovo Yoga AMD Pro 7 Ryzen AI 9 365 (32GB RAM/1TB SSD/Copilot+PC/14.5""(36.8cm)/2.8K WQXGA+OLED/120Hz/Windows11/Office Home 2024/Grey/1.54Kg), 83HN0027IN AI Laptop","1,29,990",/sspa/click?ie=UTF8&spc=MToxMDA2MDQyOTY2NzQxMDIwOjE3NTMxNzE4NTQ6c3BfcGhvbmVfc2VhcmNoX3RoZW1hdGljOjMwMDYyMjc0MTc4MDAzMjo6Mjo6&url=%2FLenovo-Copilot-36-8cm-Windows11-83HN0027IN%2Fdp%2FB0DPX6HWM3%2Fref%3Dsxin_22_pa_sp_phone_search_thematic_sspa%3Fcontent-id%3Damzn1.sym.aa6ac532-0ea5-4c58-b985-e3c226504699%253Aamzn1.sym.aa6ac532-0ea5-4c58-b985-e3c226504699%26crid%3D23Z9HPBL2JMRH%26cv_ct_cx%3Dlaptop%26keywords%3Dlaptop%26pd_rd_i%3DB0DPX6HWM3%26pd_rd_r%3D903e4b27-a6c6-417f-85a2-277f6a4a6a43%26pd_rd_w%3DsisRL%26pd_rd_wg%3DLHosV%26pf_rd_p%3Daa6ac532-0ea5-4c58-b985-e3c226504699%26pf_rd_r%3D8N8T1TAS2WT6Q6VSQ3VA%26qid%3D1753171854%26sprefix%3D%252Caps%252C660%26sr%3D1-3-66673dcf-083f-43ba-b782-d4a436cc5cfb-spons%26xpid%3DyyORC7MGEp591%26sp_csd%3Dd2lkZ2V0TmFtZT1zcF9waG9uZV9zZWFyY2hfdGhlbWF0aWM%26psc%3D1&sp_cr=DUB
77,"Lenovo {SmartChoice)Chromebook Intel Celeron N4500 (4GB RAM/64GB eMMC 5.1/11.6 Inch (29.46cm)/HD Display/2Wx2 Stereo Speakers/HD Camera/Chrome OS/Blue/1.21Kg), 82UY0014HA","15,990",/sspa/click?ie=UTF8&spc=MToxMDA2MDQyOTY2NzQxMDIwOjE3NTMxNzE4NTQ6c3BfcGhvbmVfc2VhcmNoX3RoZW1hdGljOjMwMDYxOTE5MzE0MzUzMjo6Mzo6&url=%2FLenovo-SmartChoice-Chromebook-Speakers-82UY0014HA%2Fdp%2FB0F2TMZJ24%2Fref%3Dsxin_22_pa_sp_phone_search_thematic_sspa%3Fcontent-id%3Damzn1.sym.aa6ac532-0ea5-4c58-b985-e3c226504699%253Aamzn1.sym.aa6ac532-0ea5-4c58-b985-e3c226504699%26crid%3D23Z9HPBL2JMRH%26cv_ct_cx%3Dlaptop%26keywords%3Dlaptop%26pd_rd_i%3DB0F2TMZJ24%26pd_rd_r%3D903e4b27-a6c6-417f-85a2-277f6a4a6a43%26pd_rd_w%3DsisRL%26pd_rd_wg%3DLHosV%26pf_rd_p%3Daa6ac532-0ea5-4c58-b985-e3c226504699%26pf_rd_r%3D8N8T1TAS2WT6Q6VSQ3VA%26qid%3D1753171854%26sprefix%3D%252Caps%252C660%26sr%3D1-4-66673dcf-083f-43ba-b782-d4a436cc5cfb-spons%26xpid%3DyyORC7MGEp591%26sp_csd%3Dd2lkZ2V0TmFtZT1zcF9waG9uZV9zZWFyY2hfdGhlbWF0aWM%26psc%3D1&sp_cr=DUB
